Column1;Column2;Column3
BG-0 ; /rsm:CrossIndustryInvoice ; Rechnung
BG-2 ; /rsm:CrossIndustryInvoice/rsm:ExchangedDocumentContext ; PROZESSSTEUERUNG
BT-X-1-00 ; /rsm:CrossIndustryInvoice/rsm:ExchangedDocumentContext/ram:TestIndicator ; Testkennzeichen
BT-X-1 ; /rsm:CrossIndustryInvoice/rsm:ExchangedDocumentContext/ram:TestIndicator/udt:Indicator ; Testkennzeichen, Wert
BT-23-00 ; /rsm:CrossIndustryInvoice/rsm:ExchangedDocumentContext/ram:BusinessProcessSpecifiedDocumentContextParameter ; Gruppierung der Geschäftsprozessinformationen
BT-23 ; /rsm:CrossIndustryInvoice/rsm:ExchangedDocumentContext/ram:BusinessProcessSpecifiedDocumentContextParameter/ram:ID ; Geschäftsprozesstyp
BT-24-00 ; /rsm:CrossIndustryInvoice/rsm:ExchangedDocumentContext/ram:GuidelineSpecifiedDocumentContextParameter ; Gruppierung der Anwendungsempfehlungsinformationen
BT-24 ; /rsm:CrossIndustryInvoice/rsm:ExchangedDocumentContext/ram:GuidelineSpecifiedDocumentContextParameter/ram:ID ; Spezifikationskennung
BT-1-00 ; /rsm:CrossIndustryInvoice/rsm:ExchangedDocument ; Gruppierung der Eigenschaften, die das gesamte Dokument betreffen.
BT-1 ; /rsm:CrossIndustryInvoice/rsm:ExchangedDocument/ram:ID ; Rechnungsnummer
BT-X-2 ; /rsm:CrossIndustryInvoice/rsm:ExchangedDocument/ram:Name ; Dokumentenart (Freitext)
BT-3 ; /rsm:CrossIndustryInvoice/rsm:ExchangedDocument/ram:TypeCode ; Code für den Rechnungstyp
BT-2-00 ; /rsm:CrossIndustryInvoice/rsm:ExchangedDocument/ram:IssueDateTime ; Rechnungsdatum
BT-2 ; /rsm:CrossIndustryInvoice/rsm:ExchangedDocument/ram:IssueDateTime/udt:DateTimeString ; Rechnungsdatum
BT-2-0 ; /rsm:CrossIndustryInvoice/rsm:ExchangedDocument/ram:IssueDateTime/udt:DateTimeString/@format ; Datum, Format
BT-X-3-00 ; /rsm:CrossIndustryInvoice/rsm:ExchangedDocument/ram:CopyIndicator ; Kopiekennzeichen
BT-X-3 ; /rsm:CrossIndustryInvoice/rsm:ExchangedDocument/ram:CopyIndicator/udt:Indicator ; Kopiekennzeichen, Wert
BT-X-4 ; /rsm:CrossIndustryInvoice/rsm:ExchangedDocument/ram:LanguageID ; Sprachkennzeichen
BG-1 ; /rsm:CrossIndustryInvoice/rsm:ExchangedDocument/ram:IncludedNote ; FREITEXT ZUR RECHNUNG
BT-X-5 ; /rsm:CrossIndustryInvoice/rsm:ExchangedDocument/ram:IncludedNote/ram:ContentCode ; Freitext auf Dokumentenebene, kodiert
BT-22 ; /rsm:CrossIndustryInvoice/rsm:ExchangedDocument/ram:IncludedNote/ram:Content ; Freitext zur Rechnung
BT-21 ; /rsm:CrossIndustryInvoice/rsm:ExchangedDocument/ram:IncludedNote/ram:SubjectCode ; Code zur Qualifizierung des Freitextes zur Rechnung
BT-X-6-000 ; /rsm:CrossIndustryInvoice/rsm:ExchangedDocument/ram:EffectiveSpecifiedPeriod ; Vertragliches Fälligkeitsdatum der Rechnung
BT-X-6-00 ; /rsm:CrossIndustryInvoice/rsm:ExchangedDocument/ram:EffectiveSpecifiedPeriod/ram:CompleteDateTime ; Vertragliches Fälligkeitsdatum der Rechnung
BT-X-6 ; /rsm:CrossIndustryInvoice/rsm:ExchangedDocument/ram:EffectiveSpecifiedPeriod/ram:CompleteDateTime/udt:DateTimeString ; Vertragliches Fälligkeitsdatum der Rechnung, Wert
BT-X-6-0 ; /rsm:CrossIndustryInvoice/rsm:ExchangedDocument/ram:EffectiveSpecifiedPeriod/ram:CompleteDateTime/udt:DateTimeString/@format ; Datum, Format
BG-25-00 ; /rsm:CrossIndustryInvoice/rsm:SupplyChainTradeTransaction ; Gruppierung der Informationen zum Geschäftsvorfall
BG-25 ; /rsm:CrossIndustryInvoice/rsm:SupplyChainTradeTransaction/ram:IncludedSupplyChainTradeLineItem ; RECHNUNGSPOSITION
BT-126-00 ; /rsm:CrossIndustryInvoice/rsm:SupplyChainTradeTransaction/ram:IncludedSupplyChainTradeLineItem/ram:AssociatedDocumentLineDocument ; Gruppierung von allgemeinen Positionsangaben
BT-126 ; /rsm:CrossIndustryInvoice/rsm:SupplyChainTradeTransaction/ram:IncludedSupplyChainTradeLineItem/ram:AssociatedDocumentLineDocument/ram:LineID ; Kennung der Rechnungsposition
BT-X-304 ; /rsm:CrossIndustryInvoice/rsm:SupplyChainTradeTransaction/ram:IncludedSupplyChainTradeLineItem/ram:AssociatedDocumentLineDocument/ram:ParentLineID ; ID der übergeordneten Zeile
BT-X-7 ; /rsm:CrossIndustryInvoice/rsm:SupplyChainTradeTransaction/ram:IncludedSupplyChainTradeLineItem/ram:AssociatedDocumentLineDocument/ram:LineStatusCode ; Typ der Rechnungsposition (Code)
BT-X-8 ; /rsm:CrossIndustryInvoice/rsm:SupplyChainTradeTransaction/ram:IncludedSupplyChainTradeLineItem/ram:AssociatedDocumentLineDocument/ram:LineStatusReasonCode ; Untertyp der Rechnungsposition
BT-127-00 ; /rsm:CrossIndustryInvoice/rsm:SupplyChainTradeTransaction/ram:IncludedSupplyChainTradeLineItem/ram:AssociatedDocumentLineDocument/ram:IncludedNote ; Detailinformationen zum Freitext zur Position
BT-X-9 ; /rsm:CrossIndustryInvoice/rsm:SupplyChainTradeTransaction/ram:IncludedSupplyChainTradeLineItem/ram:AssociatedDocumentLineDocument/ram:IncludedNote/ram:ContentCode ; Freitext zur Position, kodiert
BT-127 ; /rsm:CrossIndustryInvoice/rsm:SupplyChainTradeTransaction/ram:IncludedSupplyChainTradeLineItem/ram:AssociatedDocumentLineDocument/ram:IncludedNote/ram:Content ; Freitext zur Rechnungsposition
BT-X-10 ; /rsm:CrossIndustryInvoice/rsm:SupplyChainTradeTransaction/ram:IncludedSupplyChainTradeLineItem/ram:AssociatedDocumentLineDocument/ram:IncludedNote/ram:SubjectCode ; Code zur Qualifizierung des Freitextes zur Rechnungsposition
BG-31;/rsm:CrossIndustryInvoice/rsm:SupplyChainTradeTransaction/ram:IncludedSupplyChainTradeLineItem/ram:SpecifiedTradeProduct;ARTIKELINFORMATIONEN
BT-X-305;/rsm:CrossIndustryInvoice/rsm:SupplyChainTradeTransaction/ram:IncludedSupplyChainTradeLineItem/ram:SpecifiedTradeProduct/ram:ID;Kennung des Produkts
BT-157;/rsm:CrossIndustryInvoice/rsm:SupplyChainTradeTransaction/ram:IncludedSupplyChainTradeLineItem/ram:SpecifiedTradeProduct/ram:GlobalID;Kennung eines Artikels nach registriertem Schema
BT-157-1;/rsm:CrossIndustryInvoice/rsm:SupplyChainTradeTransaction/ram:IncludedSupplyChainTradeLineItem/ram:SpecifiedTradeProduct/ram:GlobalID/@schemeID;Kennung des Schemas
BT-155;/rsm:CrossIndustryInvoice/rsm:SupplyChainTradeTransaction/ram:IncludedSupplyChainTradeLineItem/ram:SpecifiedTradeProduct/ram:SellerAssignedID;Artikelkennung des Verkäufers
BT-156;/rsm:CrossIndustryInvoice/rsm:SupplyChainTradeTransaction/ram:IncludedSupplyChainTradeLineItem/ram:SpecifiedTradeProduct/ram:BuyerAssignedID;Artikelkennung des Käufers
BT-X-532;/rsm:CrossIndustryInvoice/rsm:SupplyChainTradeTransaction/ram:IncludedSupplyChainTradeLineItem/ram:SpecifiedTradeProduct/ram:IndustryAssignedID;Von der Industrie zugewiesene Produktkennung
BT-X-533;/rsm:CrossIndustryInvoice/rsm:SupplyChainTradeTransaction/ram:IncludedSupplyChainTradeLineItem/ram:SpecifiedTradeProduct/ram:ModelID;Modelkennung des Artikels
BT-153;/rsm:CrossIndustryInvoice/rsm:SupplyChainTradeTransaction/ram:IncludedSupplyChainTradeLineItem/ram:SpecifiedTradeProduct/ram:Name;Artikelname
BT-154;/rsm:CrossIndustryInvoice/rsm:SupplyChainTradeTransaction/ram:IncludedSupplyChainTradeLineItem/ram:SpecifiedTradeProduct/ram:Description;Artikelbeschreibung
BT-X-534;/rsm:CrossIndustryInvoice/rsm:SupplyChainTradeTransaction/ram:IncludedSupplyChainTradeLineItem/ram:SpecifiedTradeProduct/ram:BatchID;Kennung der Charge (des Loses) des Artikels
BT-X-535;/rsm:CrossIndustryInvoice/rsm:SupplyChainTradeTransaction/ram:IncludedSupplyChainTradeLineItem/ram:SpecifiedTradeProduct/ram:BrandName;Markenname des Artikels
BT-X-536;/rsm:CrossIndustryInvoice/rsm:SupplyChainTradeTransaction/ram:IncludedSupplyChainTradeLineItem/ram:SpecifiedTradeProduct/ram:ModelName;Modellbezeichnung des Artikels
BG-32;/rsm:CrossIndustryInvoice/rsm:SupplyChainTradeTransaction/ram:IncludedSupplyChainTradeLineItem/ram:SpecifiedTradeProduct/ram:ApplicableProductCharacteristic;ARTIKELATTRIBUTE
BT-X-11;/rsm:CrossIndustryInvoice/rsm:SupplyChainTradeTransaction/ram:IncludedSupplyChainTradeLineItem/ram:SpecifiedTradeProduct/ram:ApplicableProductCharacteristic/ram:TypeCode;Art der Produkteigenschaft (Code)
BT-160;/rsm:CrossIndustryInvoice/rsm:SupplyChainTradeTransaction/ram:IncludedSupplyChainTradeLineItem/ram:SpecifiedTradeProduct/ram:ApplicableProductCharacteristic/ram:Description;Artikelattributname
BT-X-12;/rsm:CrossIndustryInvoice/rsm:SupplyChainTradeTransaction/ram:IncludedSupplyChainTradeLineItem/ram:SpecifiedTradeProduct/ram:ApplicableProductCharacteristic/ram:ValueMeasure;Wert der Produkteigenschaft (numerische Messgröße)
BT-X-12-0;/rsm:CrossIndustryInvoice/rsm:SupplyChainTradeTransaction/ram:IncludedSupplyChainTradeLineItem/ram:SpecifiedTradeProduct/ram:ApplicableProductCharacteristic/ram:ValueMeasure/@unitCode;Code der Maßeinheit
BT-161;/rsm:CrossIndustryInvoice/rsm:SupplyChainTradeTransaction/ram:IncludedSupplyChainTradeLineItem/ram:SpecifiedTradeProduct/ram:ApplicableProductCharacteristic/ram:Value;Artikelattributwert
BT-158-00;/rsm:CrossIndustryInvoice/rsm:SupplyChainTradeTransaction/ram:IncludedSupplyChainTradeLineItem/ram:SpecifiedTradeProduct/ram:DesignatedProductClassification;Detailinformationen zur Produktklassifikation
BT-158;/rsm:CrossIndustryInvoice/rsm:SupplyChainTradeTransaction/ram:IncludedSupplyChainTradeLineItem/ram:SpecifiedTradeProduct/ram:DesignatedProductClassification/ram:ClassCode;Kennung der Artikelklassifizierung
BT-158-1;/rsm:CrossIndustryInvoice/rsm:SupplyChainTradeTransaction/ram:IncludedSupplyChainTradeLineItem/ram:SpecifiedTradeProduct/ram:DesignatedProductClassification/ram:ClassCode/@listID;Kennung des Schemas
BT-158-2;/rsm:CrossIndustryInvoice/rsm:SupplyChainTradeTransaction/ram:IncludedSupplyChainTradeLineItem/ram:SpecifiedTradeProduct/ram:DesignatedProductClassification/ram:ClassCode/@listVersionID;Version des Schemas
BT-X-13;/rsm:CrossIndustryInvoice/rsm:SupplyChainTradeTransaction/ram:IncludedSupplyChainTradeLineItem/ram:SpecifiedTradeProduct/ram:DesignatedProductClassification/ram:ClassName;Klassifikationsname
BG-X-84;/rsm:CrossIndustryInvoice/rsm:SupplyChainTradeTransaction/ram:IncludedSupplyChainTradeLineItem/ram:SpecifiedTradeProduct/ram:IndividualTradeProductInstance;Artikel (Handelsprodukt) Instanzen
BT-X-306;/rsm:CrossIndustryInvoice/rsm:SupplyChainTradeTransaction/ram:IncludedSupplyChainTradeLineItem/ram:SpecifiedTradeProduct/ram:IndividualTradeProductInstance/ram:BatchID;Artikel (Handelsprodukt) Instanzen Chargen-ID
BT-X-307;/rsm:CrossIndustryInvoice/rsm:SupplyChainTradeTransaction/ram:IncludedSupplyChainTradeLineItem/ram:SpecifiedTradeProduct/ram:IndividualTradeProductInstance/ram:SupplierAssignedSerialID;Artikel (Handelsprodukt) Instanzen Lieferant Seriennummer
BT-159-00;/rsm:CrossIndustryInvoice/rsm:SupplyChainTradeTransaction/ram:IncludedSupplyChainTradeLineItem/ram:SpecifiedTradeProduct/ram:OriginTradeCountry;Detailinformationen zur Produktherkunft
BT-159;/rsm:CrossIndustryInvoice/rsm:SupplyChainTradeTransaction/ram:IncludedSupplyChainTradeLineItem/ram:SpecifiedTradeProduct/ram:OriginTradeCountry/ram:ID;Artikelherkunftsland
BG-X-1;/rsm:CrossIndustryInvoice/rsm:SupplyChainTradeTransaction/ram:IncludedSupplyChainTradeLineItem/ram:SpecifiedTradeProduct/ram:IncludedReferencedProduct;Ein enthaltenes Produkt, auf das in diesem Handelsprodukt verwiesen wird.
BT-X-308;/rsm:CrossIndustryInvoice/rsm:SupplyChainTradeTransaction/ram:IncludedSupplyChainTradeLineItem/ram:SpecifiedTradeProduct/ram:IncludedReferencedProduct/ram:ID;ID des enthaltenen referenzierten Produkts
BT-X-15;/rsm:CrossIndustryInvoice/rsm:SupplyChainTradeTransaction/ram:IncludedSupplyChainTradeLineItem/ram:SpecifiedTradeProduct/ram:IncludedReferencedProduct/ram:GloballD;Globale ID des enthaltenen referenzierten Produkts
BT-X-15-1;/rsm:CrossIndustryInvoice/rsm:SupplyChainTradeTransaction/ram:IncludedSupplyChainTradeLineItem/ram:SpecifiedTradeProduct/ram:IncludedReferencedProduct/ram:GlobalID/@schemeID;Kennung des Schemas
BT-X-16;/rsm:CrossIndustryInvoice/rsm:SupplyChainTradeTransaction/ram:IncludedSupplyChainTradeLineItem/ram:SpecifiedTradeProduct/ram:IncludedReferencedProduct/ram:SellerAssignedID;Vom Verkäufer vergebene ID des enthaltenen referenzierten Produkts
BT-X-17;/rsm:CrossIndustryInvoice/rsm:SupplyChainTradeTransaction/ram:IncludedSupplyChainTradeLineItem/ram:SpecifiedTradeProduct/ram:IncludedReferencedProduct/ram:BuyerAssignedID;Vom Käufer vergebene ID des enthaltenen referenzierten Produkts
BT-X-309;/rsm:CrossIndustryInvoice/rsm:SupplyChainTradeTransaction/ram:IncludedSupplyChainTradeLineItem/ram:SpecifiedTradeProduct/ram:IncludedReferencedProduct/ram:IndustryAssignedID;Von der Industrie vergebene ID des enthaltenen referenzierten Produkts
BT-X-18;/rsm:CrossIndustryInvoice/rsm:SupplyChainTradeTransaction/ram:IncludedSupplyChainTradeLineItem/ram:SpecifiedTradeProduct/ram:IncludedReferencedProduct/ram:Name;Name des enthaltenen referenzierten Produkts
BT-X-19;/rsm:CrossIndustryInvoice/rsm:SupplyChainTradeTransaction/ram:IncludedSupplyChainTradeLineItem/ram:SpecifiedTradeProduct/ram:IncludedReferencedProduct/ram:Description;Beschreibung des eingeschlossenen referenzierten Produkts
BT-X-20;/rsm:CrossIndustryInvoice/rsm:SupplyChainTradeTransaction/ram:IncludedSupplyChainTradeLineItem/ram:SpecifiedTradeProduct/ram:IncludedReferencedProduct/ram:UnitQuantity;Menge des enthaltenen referenzierten Produkts
BT-X-20-1;/rsm:CrossIndustryInvoice/rsm:SupplyChainTradeTransaction/ram:IncludedSupplyChainTradeLineItem/ram:SpecifiedTradeProduct/ram:IncludedReferencedProduct/ram:UnitQuantity/@unitCode;Maßeinheit
BG-29;/rsm:CrossIndustryInvoice/rsm:SupplyChainTradeTransaction/ram:SpecifiedLineTradeAgreement;DETAILINFORMATIONEN ZUM PREIS
BG-X-81;/rsm:CrossIndustryInvoice/rsm:SupplyChainTradeTransaction/ram:SpecifiedLineTradeAgreement/ram:SellerOrderReferencedDocument;Angaben zu einer Verkäuferauftragsreferenz
BT-X-537;/rsm:CrossIndustryInvoice/rsm:SupplyChainTradeTransaction/ram:SpecifiedLineTradeAgreement/ram:SellerOrderReferencedDocument/ram:IssuerAssignedID;Dokumentennummer
BT-X-538;/rsm:CrossIndustryInvoice/rsm:SupplyChainTradeTransaction/ram:SpecifiedLineTradeAgreement/ram:SellerOrderReferencedDocument/ram:LineID;Referenzierte Position
BT-X-539-00;/rsm:CrossIndustryInvoice/rsm:SupplyChainTradeTransaction/ram:SpecifiedLineTradeAgreement/ram:SellerOrderReferencedDocument/ram:FormattedIssueDateTime;Dokumentendatum
BT-X-539;/rsm:CrossIndustryInvoice/rsm:SupplyChainTradeTransaction/ram:SpecifiedLineTradeAgreement/ram:SellerOrderReferencedDocument/ram:FormattedIssueDateTime/qdt:DateTimeString;Dokumentendatum, Wert
BT-X-539-0;/rsm:CrossIndustryInvoice/rsm:SupplyChainTradeTransaction/ram:SpecifiedLineTradeAgreement/ram:SellerOrderReferencedDocument/ram:FormattedIssueDateTime/qdt:DateTimeString/@format;Datum, Format
BT-132-00;/rsm:CrossIndustryInvoice/rsm:SupplyChainTradeTransaction/ram:SpecifiedLineTradeAgreement/ram:BuyerOrderReferencedDocument;Detailangaben zur zugehörigen Bestellung
BT-X-21;/rsm:CrossIndustryInvoice/rsm:SupplyChainTradeTransaction/ram:SpecifiedLineTradeAgreement/ram:BuyerOrderReferencedDocument/ram:IssuerAssignedID;Bestellnummer
BT-132;/rsm:CrossIndustryInvoice/rsm:SupplyChainTradeTransaction/ram:SpecifiedLineTradeAgreement/ram:BuyerOrderReferencedDocument/ram:LineID;Referenz zur Bestellposition
BT-X-22-00;/rsm:CrossIndustryInvoice/rsm:SupplyChainTradeTransaction/ram:SpecifiedLineTradeAgreement/ram:BuyerOrderReferencedDocument/ram:FormattedIssueDateTime;Bestelldatum
BT-X-22;/rsm:CrossIndustryInvoice/rsm:SupplyChainTradeTransaction/ram:SpecifiedLineTradeAgreement/ram:BuyerOrderReferencedDocument/ram:FormattedIssueDateTime/qdt:DateTimeString;Bestelldatum, Wert
BT-X-22-0;/rsm:CrossIndustryInvoice/rsm:SupplyChainTradeTransaction/ram:SpecifiedLineTradeAgreement/ram:BuyerOrderReferencedDocument/ram:FormattedIssueDateTime/qdt:DateTimeString/@format;Datum, Format
BG-X-47;/rsm:CrossIndustryInvoice/rsm:SupplyChainTradeTransaction/ram:SpecifiedLineTradeAgreement/ram:QuotationReferencedDocument;Detailangaben zu einer Referenz eines Angebotsdokuments
BT-X-310;/rsm:CrossIndustryInvoice/rsm:SupplyChainTradeTransaction/ram:SpecifiedLineTradeAgreement/ram:QuotationReferencedDocument/ram:IssuerAssignedID;Dokumentennummer
BT-X-311;/rsm:CrossIndustryInvoice/rsm:SupplyChainTradeTransaction/ram:SpecifiedLineTradeAgreement/ram:QuotationReferencedDocument/ram:LineID;Referenzierte Position
BT-X-312-00;/rsm:CrossIndustryInvoice/rsm:SupplyChainTradeTransaction/ram:SpecifiedLineTradeAgreement/ram:QuotationReferencedDocument/ram:FormattedIssueDateTime;Dokumentendatum
BT-X-312;/rsm:CrossIndustryInvoice/rsm:SupplyChainTradeTransaction/ram:SpecifiedLineTradeAgreement/ram:QuotationReferencedDocument/ram:FormattedIssueDateTime/qdt:DateTimeString;Dokumentendatum, Wert
BT-X-312-0;/rsm:CrossIndustryInvoice/rsm:SupplyChainTradeTransaction/ram:SpecifiedLineTradeAgreement/ram:QuotationReferencedDocument/ram:FormattedIssueDateTime/qdt:DateTimeString/@format;Datum, Format
BG-X-2;/rsm:CrossIndustryInvoice/rsm:SupplyChainTradeTransaction/ram:SpecifiedLineTradeAgreement/ram:ContractReferencedDocument;Detailangaben zum zugehörigen Vertrag
BT-X-24;/rsm:CrossIndustryInvoice/rsm:SupplyChainTradeTransaction/ram:SpecifiedLineTradeAgreement/ram:ContractReferencedDocument/ram:IssuerAssignedID;Vertragsnummer
BT-X-25;/rsm:CrossIndustryInvoice/rsm:SupplyChainTradeTransaction/ram:SpecifiedLineTradeAgreement/ram:ContractReferencedDocument/ram:LineID;Vertragsposition
BT-X-26-00;/rsm:CrossIndustryInvoice/rsm:SupplyChainTradeTransaction/ram:SpecifiedLineTradeAgreement/ram:ContractReferencedDocument/ram:FormattedIssueDateTime;Vertragsdatum
BT-X-26;/rsm:CrossIndustryInvoice/rsm:SupplyChainTradeTransaction/ram:SpecifiedLineTradeAgreement/ram:ContractReferencedDocument/ram:FormattedIssueDateTime/qdt:DateTimeString;Vertragsdatum, Wert
BT-X-26-0;/rsm:CrossIndustryInvoice/rsm:SupplyChainTradeTransaction/ram:SpecifiedLineTradeAgreement/ram:ContractReferencedDocument/ram:FormattedIssueDateTime/qdt:DateTimeString/@format;Datum, Format
BG-X-3;/rsm:CrossIndustryInvoice/rsm:SupplyChainTradeTransaction/ram:SpecifiedLineTradeAgreement/ram:AdditionalReferencedDocument;Detailangaben zu einer zusätzlichen Dokumentenreferenz
BT-X-27;/rsm:CrossIndustryInvoice/rsm:SupplyChainTradeTransaction/ram:SpecifiedLineTradeAgreement/ram:AdditionalReferencedDocument/ram:IssuerAssignedID;Dokumentennummer
BT-X-28;/rsm:CrossIndustryInvoice/rsm:SupplyChainTradeTransaction/ram:SpecifiedLineTradeAgreement/ram:AdditionalReferencedDocument/ram:URIID;Bezugsort des Dokuments
BT-X-29;/rsm:CrossIndustryInvoice/rsm:SupplyChainTradeTransaction/ram:SpecifiedLineTradeAgreement/ram:AdditionalReferencedDocument/ram:LineID;Referenzierte Position
BT-X-30;/rsm:CrossIndustryInvoice/rsm:SupplyChainTradeTransaction/ram:SpecifiedLineTradeAgreement/ram:AdditionalReferencedDocument/ram:TypeCode;Art des Dokuments (Code)
BT-X-299;/rsm:CrossIndustryInvoice/rsm:SupplyChainTradeTransaction/ram:SpecifiedLineTradeAgreement/ram:AdditionalReferencedDocument/ram:Name;Beschreibung des Dokuments
BT-X-31;/rsm:CrossIndustryInvoice/rsm:SupplyChainTradeTransaction/ram:SpecifiedLineTradeAgreement/ram:AdditionalReferencedDocument/ram:AttachmentBinaryObject;Anhangsdokument
BT-X-31-1;/rsm:CrossIndustryInvoice/rsm:SupplyChainTradeTransaction/ram:SpecifiedLineTradeAgreement/ram:AdditionalReferencedDocument/ram:AttachmentBinaryObject/@mimeCode;MIME-Code des Anhangsdokuments
BT-X-31-2;/rsm:CrossIndustryInvoice/rsm:SupplyChainTradeTransaction/ram:SpecifiedLineTradeAgreement/ram:AdditionalReferencedDocument/ram:AttachmentBinaryObject/@filename;Dateiname des Anhangsdokuments
BT-X-32;/rsm:CrossIndustryInvoice/rsm:SupplyChainTradeTransaction/ram:SpecifiedLineTradeAgreement/ram:AdditionalReferencedDocument/ram:ReferenceTypeCode;Art der Dokumentenrefernz (Code)
BT-X-33-00;/rsm:CrossIndustryInvoice/rsm:SupplyChainTradeTransaction/ram:SpecifiedLineTradeAgreement/ram:AdditionalReferencedDocument/ram:FormattedIssueDateTime;Dokumentendatum
BT-X-33;/rsm:CrossIndustryInvoice/rsm:SupplyChainTradeTransaction/ram:SpecifiedLineTradeAgreement/ram:AdditionalReferencedDocument/ram:FormattedIssueDateTime/qdt:DateTimeString;Dokumentendatum, Wert
BT-X-33-0;/rsm:CrossIndustryInvoice/rsm:SupplyChainTradeTransaction/ram:SpecifiedLineTradeAgreement/ram:AdditionalReferencedDocument/ram:FormattedIssueDateTime/qdt:DateTimeString/@format;Datum, Format
BT-148-00;/rsm:CrossIndustryInvoice/rsm:SupplyChainTradeTransaction/ram:SpecifiedLineTradeAgreement/ram:GrossPriceProductTradePrice;Detailinformationen zum Bruttopreis des Artikels
BT-148;/rsm:CrossIndustryInvoice/rsm:SupplyChainTradeTransaction/ram:SpecifiedLineTradeAgreement/ram:GrossPriceProductTradePrice/ram:ChargeAmount;Bruttopreis des Artikels
BT-149-1;/rsm:CrossIndustryInvoice/rsm:SupplyChainTradeTransaction/ram:SpecifiedLineTradeAgreement/ram:GrossPriceProductTradePrice/ram:BasisQuantity;Basismenge zum Artikelpreis
BT-150-1;/rsm:CrossIndustryInvoice/rsm:SupplyChainTradeTransaction/ram:SpecifiedLineTradeAgreement/ram:GrossPriceProductTradePrice/ram:BasisQuantity/@unitCode;Code der Maßeinheit der Basismenge
BT-X-34;"/rsm:CrossIndustryInvoice/rsm:SupplyChainTradeTransaction/ram:SpecifiedLineTradeAgreement/ram:GrossPriceProductTradePrice/ram:AppliedTradeAllowanceCharge[ram:ChargeIndicator/udt:Indicator=""false""]/ram:CalculationPercent";Rabatt in Prozent
BT-X-35;"/rsm:CrossIndustryInvoice/rsm:SupplyChainTradeTransaction/ram:SpecifiedLineTradeAgreement/ram:GrossPriceProductTradePrice/ram:AppliedTradeAllowanceCharge[ram:ChargeIndicator/udt:Indicator=""false""]/ram:BasisAmount";Basisbetrag des Rabatts
BT-147;"/rsm:CrossIndustryInvoice/rsm:SupplyChainTradeTransaction/ram:SpecifiedLineTradeAgreement/ram:GrossPriceProductTradePrice/ram:AppliedTradeAllowanceCharge[ram:ChargeIndicator/udt:Indicator=""false""]/ram:ActualAmount";Nachlass auf den Artikelpreis
BT-X-313;"/rsm:CrossIndustryInvoice/rsm:SupplyChainTradeTransaction/ram:SpecifiedLineTradeAgreement/ram:GrossPriceProductTradePrice/ram:AppliedTradeAllowanceCharge[ram:ChargeIndicator/udt:Indicator=""false""]/ram:ReasonCode";Grund des Abschlags (Code)
BT-X-36;"/rsm:CrossIndustryInvoice/rsm:SupplyChainTradeTransaction/ram:SpecifiedLineTradeAgreement/ram:GrossPriceProductTradePrice/ram:AppliedTradeAllowanceCharge[ram:ChargeIndicator/udt:Indicator=""false""]/ram:Reason";Grund des Abschlags (Freitext)
BT-X-299-00;"/rsm:CrossIndustryInvoice/rsm:SupplyChainTradeTransaction/ram:SpecifiedLineTradeAgreement/ram:GrossPriceProductTradePrice/ram:AppliedTradeAllowanceCharge[ram:ChargeIndicator/udt:Indicator=""true""]";Indikator für Preiszuschlag
BT-X-299-01;"/rsm:CrossIndustryInvoice/rsm:SupplyChainTradeTransaction/ram:SpecifiedLineTradeAgreement/ram:GrossPriceProductTradePrice/ram:AppliedTradeAllowanceCharge[ram:ChargeIndicator/udt:Indicator=""true""]/ram:ChargeIndicator";Indikator für Preiszuschlag, Wert
BT-X-299-02;"/rsm:CrossIndustryInvoice/rsm:SupplyChainTradeTransaction/ram:SpecifiedLineTradeAgreement/ram:GrossPriceProductTradePrice/ram:AppliedTradeAllowanceCharge[ram:ChargeIndicator/udt:Indicator=""true""]/ram:ChargeIndicator/udt:Indicator";Indikator für Preiszuschlag, Wert
BT-X-300;"/rsm:CrossIndustryInvoice/rsm:SupplyChainTradeTransaction/ram:SpecifiedLineTradeAgreement/ram:GrossPriceProductTradePrice/ram:AppliedTradeAllowanceCharge[ram:ChargeIndicator/udt:Indicator=""true""]/ram:CalculationPercent";Zuschlag in Prozent
BT-X-301;"/rsm:CrossIndustryInvoice/rsm:SupplyChainTradeTransaction/ram:SpecifiedLineTradeAgreement/ram:GrossPriceProductTradePrice/ram:AppliedTradeAllowanceCharge[ram:ChargeIndicator/udt:Indicator=""true""]/ram:BasisAmount";Basisbetrag des Zuschlags
BT-X-302;"/rsm:CrossIndustryInvoice/rsm:SupplyChainTradeTransaction/ram:SpecifiedLineTradeAgreement/ram:GrossPriceProductTradePrice/ram:AppliedTradeAllowanceCharge[ram:ChargeIndicator/udt:Indicator=""true""]/ram:ActualAmount";Zuschlag, Betrag
BT-X-314;"/rsm:CrossIndustryInvoice/rsm:SupplyChainTradeTransaction/ram:SpecifiedLineTradeAgreement/ram:GrossPriceProductTradePrice/ram:AppliedTradeAllowanceCharge[ram:ChargeIndicator/udt:Indicator=""true""]/ram:ReasonCode";Grund des Zuschlags (Code)
BT-X-303;"/rsm:CrossIndustryInvoice/rsm:SupplyChainTradeTransaction/ram:SpecifiedLineTradeAgreement/ram:GrossPriceProductTradePrice/ram:AppliedTradeAllowanceCharge[ram:ChargeIndicator/udt:Indicator=""true""]/ram:Reason";Grund des Zuschlags (Freitext)
BT-146-00;/rsm:CrossIndustryInvoice/rsm:SupplyChainTradeTransaction/ram:SpecifiedLineTradeAgreement/ram:NetPriceProductTradePrice;Detailinformationen zum Nettopreis des Artikels
BT-146;/rsm:CrossIndustryInvoice/rsm:SupplyChainTradeTransaction/ram:SpecifiedLineTradeAgreement/ram:NetPriceProductTradePrice/ram:ChargeAmount;Nettopreis des Artikels
BT-149;/rsm:CrossIndustryInvoice/rsm:SupplyChainTradeTransaction/ram:SpecifiedLineTradeAgreement/ram:NetPriceProductTradePrice/ram:BasisQuantity;Basismenge zum Artikelpreis
BT-150;/rsm:CrossIndustryInvoice/rsm:SupplyChainTradeTransaction/ram:SpecifiedLineTradeAgreement/ram:NetPriceProductTradePrice/ram:BasisQuantity/@unitCode;Code der Maßeinheit der Basismenge
BG-X-4;/rsm:CrossIndustryInvoice/rsm:SupplyChainTradeTransaction/ram:SpecifiedLineTradeAgreement/ram:NetPriceProductTradePrice/ram:IncludedTradeTax;Enthaltene Steuer für B2C
BT-X-37;/rsm:CrossIndustryInvoice/rsm:SupplyChainTradeTransaction/ram:SpecifiedLineTradeAgreement/ram:NetPriceProductTradePrice/ram:IncludedTradeTax/ram:CalculatedAmount;Enthaltene Steuer für B2C
BT-X-38;/rsm:CrossIndustryInvoice/rsm:SupplyChainTradeTransaction/ram:SpecifiedLineTradeAgreement/ram:NetPriceProductTradePrice/ram:IncludedTradeTax/ram:TypeCode;Art der Steuer (Code)
BT-X-39;/rsm:CrossIndustryInvoice/rsm:SupplyChainTradeTransaction/ram:SpecifiedLineTradeAgreement/ram:NetPriceProductTradePrice/ram:IncludedTradeTax/ram:ExemptionReason;Umsatzsteuerbefreiungsgrund
BT-X-40;/rsm:CrossIndustryInvoice/rsm:SupplyChainTradeTransaction/ram:SpecifiedLineTradeAgreement/ram:NetPriceProductTradePrice/ram:IncludedTradeTax/ram:CategoryCode;Code der Umsatzsteuerkategorie
BT-X-41;/rsm:CrossIndustryInvoice/rsm:SupplyChainTradeTransaction/ram:SpecifiedLineTradeAgreement/ram:NetPriceProductTradePrice/ram:IncludedTradeTax/ram:ExemptionReasonCode;Code für den Umsatzsteuerbefreiungsgrund
BT-X-42;/rsm:CrossIndustryInvoice/rsm:SupplyChainTradeTransaction/ram:SpecifiedLineTradeAgreement/ram:NetPriceProductTradePrice/ram:IncludedTradeTax/ram:RateApplicablePercent;Kategoriespezifischer Umsatzsteuersatz
BG-X-5;/rsm:CrossIndustryInvoice/rsm:SupplyChainTradeTransaction/ram:SpecifiedLineTradeAgreement/ram:UltimateCustomerOrderReferencedDocument;Detailangaben zur zugehörigen Endkundenbestellung
BT-X-43;/rsm:CrossIndustryInvoice/rsm:SupplyChainTradeTransaction/ram:SpecifiedLineTradeAgreement/ram:UltimateCustomerOrderReferencedDocument/ram:IssuerAssignedID;Bestellnummer des Endkunden
BT-X-44;/rsm:CrossIndustryInvoice/rsm:SupplyChainTradeTransaction/ram:SpecifiedLineTradeAgreement/ram:UltimateCustomerOrderReferencedDocument/ram:LineID;Bestellposition (Endkunde)
BT-X-45-00;/rsm:CrossIndustryInvoice/rsm:SupplyChainTradeTransaction/ram:SpecifiedLineTradeAgreement/ram:UltimateCustomerOrderReferencedDocument/ram:FormattedIssueDateTime;Dokumentendatum
BT-X-45;/rsm:CrossIndustryInvoice/rsm:SupplyChainTradeTransaction/ram:SpecifiedLineTradeAgreement/ram:UltimateCustomerOrderReferencedDocument/ram:FormattedIssueDateTime/qdt:DateTimeString;Dokumentendatum, Wert
BT-X-45-0;/rsm:CrossIndustryInvoice/rsm:SupplyChainTradeTransaction/ram:SpecifiedLineTradeAgreement/ram:UltimateCustomerOrderReferencedDocument/ram:FormattedIssueDateTime/qdt:DateTimeString/@format;Datum, Format
BT-129-00;/rsm:CrossIndustryInvoice/rsm:SupplyChainTradeTransaction/ram:SpecifiedLineTradeAgreement/ram:SpecifiedLineTradeDelivery;Gruppierung von Lieferangaben aus Positionsebene
BT-129;/rsm:CrossIndustryInvoice/rsm:SupplyChainTradeTransaction/ram:SpecifiedLineTradeAgreement/ram:SpecifiedLineTradeDelivery/ram:BilledQuantity;In Rechnung gestellte Menge
BT-130;/rsm:CrossIndustryInvoice/rsm:SupplyChainTradeTransaction/ram:SpecifiedLineTradeAgreement/ram:SpecifiedLineTradeDelivery/ram:BilledQuantity/@unitCode;Code der Maßeinheit der in Rechnung gestellten Menge
BT-X-46;/rsm:CrossIndustryInvoice/rsm:SupplyChainTradeTransaction/ram:SpecifiedLineTradeAgreement/ram:SpecifiedLineTradeDelivery/ram:ChargeFreeQuantity;Menge, ohne Berechnung
BT-X-46-0;/rsm:CrossIndustryInvoice/rsm:SupplyChainTradeTransaction/ram:SpecifiedLineTradeAgreement/ram:SpecifiedLineTradeDelivery/ram:ChargeFreeQuantity/@unitCode;Code der Maßeinheit
BT-X-47;/rsm:CrossIndustryInvoice/rsm:SupplyChainTradeTransaction/ram:SpecifiedLineTradeAgreement/ram:SpecifiedLineTradeDelivery/ram:PackageQuantity;Anzahl Packstücke
BT-X-47-0;/rsm:CrossIndustryInvoice/rsm:SupplyChainTradeTransaction/ram:SpecifiedLineTradeAgreement/ram:SpecifiedLineTradeDelivery/ram:PackageQuantity/@unitCode;Code der Maßeinheit
BG-X-7;/rsm:CrossIndustryInvoice/rsm:SupplyChainTradeTransaction/ram:SpecifiedLineTradeDelivery/ram:ShipToTradeParty;Detailinformationen zum abweichenden Warenempfänger
BT-X-48;/rsm:CrossIndustryInvoice/rsm:SupplyChainTradeTransaction/ram:SpecifiedLineTradeDelivery/ram:ShipToTradeParty/ram:ID;Kennung des Warenempfängers
BT-X-49;/rsm:CrossIndustryInvoice/rsm:SupplyChainTradeTransaction/ram:SpecifiedLineTradeDelivery/ram:ShipToTradeParty/ram:GlobalID;Globale Kennung des Warenempfängers
BT-X-49-0;/rsm:CrossIndustryInvoice/rsm:SupplyChainTradeTransaction/ram:SpecifiedLineTradeDelivery/ram:ShipToTradeParty/ram:GlobalID/@schemelD;Kennung des Schemas
BT-X-50;/rsm:CrossIndustryInvoice/rsm:SupplyChainTradeTransaction/ram:SpecifiedLineTradeDelivery/ram:ShipToTradeParty/ram:Name;Name/Firmierung des Warenempfängers
BT-X-541;/rsm:CrossIndustryInvoice/rsm:SupplyChainTradeTransaction/ram:SpecifiedLineTradeDelivery/ram:ShipToTradeParty/ram:RoleCode;Rolle (Code)
BT-X-51-00;/rsm:CrossIndustryInvoice/rsm:SupplyChainTradeTransaction/ram:SpecifiedLineTradeDelivery/ram:ShipToTradeParty/ram:SpecifiedLegalOrganization;Details zur Organisation des abweichenden Warenempfängers
BT-X-51;/rsm:CrossIndustryInvoice/rsm:SupplyChainTradeTransaction/ram:SpecifiedLineTradeDelivery/ram:ShipToTradeParty/ram:SpecifiedLegalOrganization/ram:ID;Kennung der rechtlichen Organisation des alternativen Warenempfängers
BT-X-51-0;/rsm:CrossIndustryInvoice/rsm:SupplyChainTradeTransaction/ram:SpecifiedLineTradeDelivery/ram:ShipToTradeParty/ram:SpecifiedLegalOrganization/ram:ID/@schemelD;Kennung des Schemas
BT-X-52;/rsm:CrossIndustryInvoice/rsm:SupplyChainTradeTransaction/ram:SpecifiedLineTradeDelivery/ram:ShipToTradeParty/ram:SpecifiedLegalOrganization/ram:TradingBusinessName;Handelsname
BG-X-8;/rsm:CrossIndustryInvoice/rsm:SupplyChainTradeTransaction/ram:SpecifiedLineTradeDelivery/ram:ShipToTradeParty/ram:DefinedTradeContact;Detailinformationen zum Ansprechpartner des Warenempfängers
BT-X-54;/rsm:CrossIndustryInvoice/rsm:SupplyChainTradeTransaction/ram:SpecifiedLineTradeDelivery/ram:ShipToTradeParty/ram:DefinedTradeContact/ram:PersonName;Name des Ansprechpartners
BT-X-54-1;/rsm:CrossIndustryInvoice/rsm:SupplyChainTradeTransaction/ram:SpecifiedLineTradeDelivery/ram:ShipToTradeParty/ram:DefinedTradeContact/ram:DepartmentName;Name der Abteilung
BT-X-315;/rsm:CrossIndustryInvoice/rsm:SupplyChainTradeTransaction/ram:SpecifiedLineTradeDelivery/ram:ShipToTradeParty/ram:DefinedTradeContact/ram:TypeCode;Art des Kontakts (Code)
BT-X-55-00;/rsm:CrossIndustryInvoice/rsm:SupplyChainTradeTransaction/ram:SpecifiedLineTradeDelivery/ram:ShipToTradeParty/ram:DefinedTradeContact/ram:TelephoneUniversalCommunication;Telefonnummer der Kontaktstelle
BT-X-55;/rsm:CrossIndustryInvoice/rsm:SupplyChainTradeTransaction/ram:SpecifiedLineTradeDelivery/ram:ShipToTradeParty/ram:DefinedTradeContact/ram:TelephoneUniversalCommunication/ram:CompleteNumber;Telefonnummer der Kontaktstelle, Wert
BT-X-56-00;/rsm:CrossIndustryInvoice/rsm:SupplyChainTradeTransaction/ram:SpecifiedLineTradeDelivery/ram:ShipToTradeParty/ram:DefinedTradeContact/ram:FaxUniversalCommunication;Faxnummer der Kontaktstelle
BT-X-56;/rsm:CrossIndustryInvoice/rsm:SupplyChainTradeTransaction/ram:SpecifiedLineTradeDelivery/ram:ShipToTradeParty/ram:DefinedTradeContact/ram:FaxUniversalCommunication/ram:CompleteNumber;Faxnummer der Kontaktstelle, Wert
BT-X-57-00;/rsm:CrossIndustryInvoice/rsm:SupplyChainTradeTransaction/ram:SpecifiedLineTradeDelivery/ram:ShipToTradeParty/ram:DefinedTradeContact/ram:EmailURIUniversalCommunication;E-Mail-Adresse der Kontaktstelle
BT-X-57;/rsm:CrossIndustryInvoice/rsm:SupplyChainTradeTransaction/ram:SpecifiedLineTradeDelivery/ram:ShipToTradeParty/ram:DefinedTradeContact/ram:EmailURIUniversalCommunication/ram:URIID;E-Mail-Adresse der Kontaktstelle, Wert
BG-X-9;/rsm:CrossIndustryInvoice/rsm:SupplyChainTradeTransaction/ram:SpecifiedLineTradeDelivery/ram:ShipToTradeParty/ram:PostalTradeAddress;Detailinformationen zur Anschrift des Warenempfängers
BT-X-58;/rsm:CrossIndustryInvoice/rsm:SupplyChainTradeTransaction/ram:SpecifiedLineTradeDelivery/ram:ShipToTradeParty/ram:PostalTradeAddress/ram:PostcodeCode;Postleitzahl
BT-X-59;/rsm:CrossIndustryInvoice/rsm:SupplyChainTradeTransaction/ram:SpecifiedLineTradeDelivery/ram:ShipToTradeParty/ram:PostalTradeAddress/ram:LineOne;Zeile 1 der Anschrift
BT-X-60;/rsm:CrossIndustryInvoice/rsm:SupplyChainTradeTransaction/ram:SpecifiedLineTradeDelivery/ram:ShipToTradeParty/ram:PostalTradeAddress/ram:LineTwo;Zeile 2 der Anschrift
BT-X-61;/rsm:CrossIndustryInvoice/rsm:SupplyChainTradeTransaction/ram:SpecifiedLineTradeDelivery/ram:ShipToTradeParty/ram:PostalTradeAddress/ram:LineThree;Zeile 3 der Anschrift
BT-X-62;/rsm:CrossIndustryInvoice/rsm:SupplyChainTradeTransaction/ram:SpecifiedLineTradeDelivery/ram:ShipToTradeParty/ram:PostalTradeAddress/ram:CityName;Stadt
BT-X-63;/rsm:CrossIndustryInvoice/rsm:SupplyChainTradeTransaction/ram:SpecifiedLineTradeDelivery/ram:ShipToTradeParty/ram:PostalTradeAddress/ram:CountryID;Ländercode
BT-X-64;/rsm:CrossIndustryInvoice/rsm:SupplyChainTradeTransaction/ram:SpecifiedLineTradeDelivery/ram:ShipToTradeParty/ram:PostalTradeAddress/ram:CountrySubDivisionName;Region oder Bundesland
BT-X-65-00;/rsm:CrossIndustryInvoice/rsm:SupplyChainTradeTransaction/ram:SpecifiedLineTradeDelivery/ram:ShipToTradeParty/ram:URIUniversalCommunication;Details zur elektronischen Adresse
BT-X-65;/rsm:CrossIndustryInvoice/rsm:SupplyChainTradeTransaction/ram:SpecifiedLineTradeDelivery/ram:ShipToTradeParty/ram:URIUniversalCommunication/ram:URIID;Elektronische Adresse
BT-X-65-0;/rsm:CrossIndustryInvoice/rsm:SupplyChainTradeTransaction/ram:SpecifiedLineTradeDelivery/ram:ShipToTradeParty/ram:URIUniversalCommunication/ram:URIID/@schemelD;Kennung des Schemas
BT-X-66-00;/rsm:CrossIndustryInvoice/rsm:SupplyChainTradeTransaction/ram:SpecifiedLineTradeDelivery/ram:ShipToTradeParty/ram:SpecifiedTaxRegistration;Detailinformationen zu Steuerangaben des Warenempfängers
BT-X-66;/rsm:CrossIndustryInvoice/rsm:SupplyChainTradeTransaction/ram:SpecifiedLineTradeDelivery/ram:ShipToTradeParty/ram:SpecifiedTaxRegistration/ram:ID;Umsatzsteueridentnummer
BT-X-66-0;/rsm:CrossIndustryInvoice/rsm:SupplyChainTradeTransaction/ram:SpecifiedLineTradeDelivery/ram:ShipToTradeParty/ram:SpecifiedTaxRegistration/ram:ID/@schemelD;Art der Steuernummer
BG-X-10;/rsm:CrossIndustryInvoice/rsm:SupplyChainTradeTransaction/ram:SpecifiedLineTradeDelivery/ram:UltimateShipToTradeParty;Detailinformationen zum abweichenden Endempfänger
BT-X-67;/rsm:CrossIndustryInvoice/rsm:SupplyChainTradeTransaction/ram:SpecifiedLineTradeDelivery/ram:UltimateShipToTradeParty/ram:ID;Identifikation des Endempfängers
BT-X-68;/rsm:CrossIndustryInvoice/rsm:SupplyChainTradeTransaction/ram:SpecifiedLineTradeDelivery/ram:UltimateShipToTradeParty/ram:GloballD;Globale Kennung des Endempfängers
BT-X-68-0;/rsm:CrossIndustryInvoice/rsm:SupplyChainTradeTransaction/ram:SpecifiedLineTradeDelivery/ram:UltimateShipToTradeParty/ram:GlobalID/@schemelD;Kennung des Schemas
BT-X-69;/rsm:CrossIndustryInvoice/rsm:SupplyChainTradeTransaction/ram:SpecifiedLineTradeDelivery/ram:UltimateShipToTradeParty/ram:Name;Name/Firmierung des Endempfängers
BT-X-542;/rsm:CrossIndustryInvoice/rsm:SupplyChainTradeTransaction/ram:SpecifiedLineTradeDelivery/ram:UltimateShipToTradeParty/ram:RoleCode;Rolle (Code)
BT-X-70-00;/rsm:CrossIndustryInvoice/rsm:SupplyChainTradeTransaction/ram:SpecifiedLineTradeDelivery/ram:UltimateShipToTradeParty/ram:SpecifiedLegalOrganization;Details zur Organisation des abweichenden Warenempfängers
BT-X-70;/rsm:CrossIndustryInvoice/rsm:SupplyChainTradeTransaction/ram:SpecifiedLineTradeDelivery/ram:UltimateShipToTradeParty/ram:SpecifiedLegalOrganization/ram:ID;Kennung der rechtlichen Organisation des alternativen Warenempfängers
BT-X-70-0;/rsm:CrossIndustryInvoice/rsm:SupplyChainTradeTransaction/ram:SpecifiedLineTradeDelivery/ram:UltimateShipToTradeParty/ram:SpecifiedLegalOrganization/ram:ID/@schemelD;Kennung des Schemas
BT-X-71;/rsm:CrossIndustryInvoice/rsm:SupplyChainTradeTransaction/ram:SpecifiedLineTradeDelivery/ram:UltimateShipToTradeParty/ram:SpecifiedLegalOrganization/ram:TradingBusinessName;Handelsname
BG-X-11;/rsm:CrossIndustryInvoice/rsm:SupplyChainTradeTransaction/ram:SpecifiedLineTradeDelivery/ram:UltimateShipToTradeParty/ram:DefinedTradeContact;Detailinformationen zum Ansprechpartner des Endempfängers
BT-X-72;/rsm:CrossIndustryInvoice/rsm:SupplyChainTradeTransaction/ram:SpecifiedLineTradeDelivery/ram:UltimateShipToTradeParty/ram:DefinedTradeContact/ram:PersonName;Name des Ansprechpartners
BT-X-72-1;/rsm:CrossIndustryInvoice/rsm:SupplyChainTradeTransaction/ram:SpecifiedLineTradeDelivery/ram:UltimateShipToTradeParty/ram:DefinedTradeContact/ram:DepartmentName;Name der Abteilung
BT-X-316;/rsm:CrossIndustryInvoice/rsm:SupplyChainTradeTransaction/ram:SpecifiedLineTradeDelivery/ram:UltimateShipToTradeParty/ram:DefinedTradeContact/ram:TypeCode;Art des Kontakts (Code)
BT-X-73-00;/rsm:CrossIndustryInvoice/rsm:SupplyChainTradeTransaction/ram:SpecifiedLineTradeDelivery/ram:UltimateShipToTradeParty/ram:DefinedTradeContact/ram:TelephoneUniversalCommunication;Telefonnummer der Kontaktstelle
BT-X-73;/rsm:CrossIndustryInvoice/rsm:SupplyChainTradeTransaction/ram:SpecifiedLineTradeDelivery/ram:UltimateShipToTradeParty/ram:DefinedTradeContact/ram:TelephoneUniversalCommunication/ram:CompleteNumber;Telefonnummer der Kontaktstelle, Wert
BT-X-74-00;/rsm:CrossIndustryInvoice/rsm:SupplyChainTradeTransaction/ram:SpecifiedLineTradeDelivery/ram:UltimateShipToTradeParty/ram:DefinedTradeContact/ram:FaxUniversalCommunication;Faxnummer der Kontaktstelle
BT-X-74;/rsm:CrossIndustryInvoice/rsm:SupplyChainTradeTransaction/ram:SpecifiedLineTradeDelivery/ram:UltimateShipToTradeParty/ram:DefinedTradeContact/ram:FaxUniversalCommunication/ram:CompleteNumber;Faxnummer der Kontaktstelle, Wert
BT-X-75-00;/rsm:CrossIndustryInvoice/rsm:SupplyChainTradeTransaction/ram:SpecifiedLineTradeDelivery/ram:UltimateShipToTradeParty/ram:DefinedTradeContact/ram:EmailURIUniversalCommunication;E-Mail-Adresse der Kontaktstelle
BT-X-75;/rsm:CrossIndustryInvoice/rsm:SupplyChainTradeTransaction/ram:SpecifiedLineTradeDelivery/ram:UltimateShipToTradeParty/ram:DefinedTradeContact/ram:EmailURIUniversalCommunication/ram:URIID;E-Mail-Adresse der Kontaktstelle, Wert
BG-X-12;/rsm:CrossIndustryInvoice/rsm:SupplyChainTradeTransaction/ram:SpecifiedLineTradeDelivery/ram:UltimateShipToTradeParty/ram:PostalTradeAddress;Detailinformationen zur Anschrift des Endempfängers
BT-X-76;/rsm:CrossIndustryInvoice/rsm:SupplyChainTradeTransaction/ram:SpecifiedLineTradeDelivery/ram:UltimateShipToTradeParty/ram:PostalTradeAddress/ram:PostcodeCode;Postleitzahl
BT-X-77;/rsm:CrossIndustryInvoice/rsm:SupplyChainTradeTransaction/ram:SpecifiedLineTradeDelivery/ram:UltimateShipToTradeParty/ram:PostalTradeAddress/ram:LineOne;Zeile 1 der Anschrift
BT-X-78;/rsm:CrossIndustryInvoice/rsm:SupplyChainTradeTransaction/ram:SpecifiedLineTradeDelivery/ram:UltimateShipToTradeParty/ram:PostalTradeAddress/ram:LineTwo;Zeile 2 der Anschrift
BT-X-79;/rsm:CrossIndustryInvoice/rsm:SupplyChainTradeTransaction/ram:SpecifiedLineTradeDelivery/ram:UltimateShipToTradeParty/ram:PostalTradeAddress/ram:LineThree;Zeile 3 der Anschrift
BT-X-80;/rsm:CrossIndustryInvoice/rsm:SupplyChainTradeTransaction/ram:SpecifiedLineTradeDelivery/ram:UltimateShipToTradeParty/ram:PostalTradeAddress/ram:CityName;Stadt
BT-X-81;/rsm:CrossIndustryInvoice/rsm:SupplyChainTradeTransaction/ram:SpecifiedLineTradeDelivery/ram:UltimateShipToTradeParty/ram:PostalTradeAddress/ram:CountryID;Ländercode
BT-X-82;/rsm:CrossIndustryInvoice/rsm:SupplyChainTradeTransaction/ram:SpecifiedLineTradeDelivery/ram:UltimateShipToTradeParty/ram:PostalTradeAddress/ram:CountrySubDivisionName;Region oder Bundesland
BT-X-83-00;/rsm:CrossIndustryInvoice/rsm:SupplyChainTradeTransaction/ram:SpecifiedLineTradeDelivery/ram:UltimateShipToTradeParty/ram:URIUniversalCommunication;Details zur elektronischen Adresse
BT-X-83;/rsm:CrossIndustryInvoice/rsm:SupplyChainTradeTransaction/ram:SpecifiedLineTradeDelivery/ram:UltimateShipToTradeParty/ram:URIUniversalCommunication/ram:URIID;Elektronische Adresse
BT-X-83-0;/rsm:CrossIndustryInvoice/rsm:SupplyChainTradeTransaction/ram:SpecifiedLineTradeDelivery/ram:UltimateShipToTradeParty/ram:URIUniversalCommunication/ram:URIID/@schemelD;Kennung des Schemas
BT-X-84-00;/rsm:CrossIndustryInvoice/rsm:SupplyChainTradeTransaction/ram:SpecifiedLineTradeDelivery/ram:UltimateShipToTradeParty/ram:SpecifiedTaxRegistration;Detailinformationen zu Steuerangaben des Endempfängers
BT-X-84;/rsm:CrossIndustryInvoice/rsm:SupplyChainTradeTransaction/ram:SpecifiedLineTradeDelivery/ram:UltimateShipToTradeParty/ram:SpecifiedTaxRegistration/ram:ID;Umsatzsteueridentnummer
BT-X-84-0;/rsm:CrossIndustryInvoice/rsm:SupplyChainTradeTransaction/ram:SpecifiedLineTradeDelivery/ram:UltimateShipToTradeParty/ram:SpecifiedTaxRegistration/ram:ID/@schemelD;Art der Steuernummer
BT-X-100;/rsm:CrossIndustryInvoice/rsm:SupplyChainTradeTransaction/ram:ApplicableHeaderTradeAgreement/ram:SellerTradeParty/ram:SpecifiedLegalOrganization/ram:PostalTradeAddress;Detailinformationen zur Anschrift des Lieferanten
BT-X-101;/rsm:CrossIndustryInvoice/rsm:SupplyChainTradeTransaction/ram:ApplicableHeaderTradeAgreement/ram:SellerTradeParty/ram:SpecifiedLegalOrganization/ram:PostalTradeAddress/ram:LineOne;Zeile 1 der Anschrift
BT-X-102;/rsm:CrossIndustryInvoice/rsm:SupplyChainTradeTransaction/ram:ApplicableHeaderTradeAgreement/ram:SellerTradeParty/ram:SpecifiedLegalOrganization/ram:PostalTradeAddress/ram:LineTwo;Zeile 2 der Anschrift
BT-X-103;/rsm:CrossIndustryInvoice/rsm:SupplyChainTradeTransaction/ram:ApplicableHeaderTradeAgreement/ram:SellerTradeParty/ram:SpecifiedLegalOrganization/ram:PostalTradeAddress/ram:LineThree;Zeile 3 der Anschrift
BT-X-104;/rsm:CrossIndustryInvoice/rsm:SupplyChainTradeTransaction/ram:ApplicableHeaderTradeAgreement/ram:SellerTradeParty/ram:SpecifiedLegalOrganization/ram:PostalTradeAddress/ram:CityName;Stadt
BT-X-105;/rsm:CrossIndustryInvoice/rsm:SupplyChainTradeTransaction/ram:ApplicableHeaderTradeAgreement/ram:SellerTradeParty/ram:SpecifiedLegalOrganization/ram:PostalTradeAddress/ram:CountryID;Ländercode
BT-X-106;/rsm:CrossIndustryInvoice/rsm:SupplyChainTradeTransaction/ram:ApplicableHeaderTradeAgreement/ram:SellerTradeParty/ram:SpecifiedLegalOrganization/ram:PostalTradeAddress/ram:CountrySubDivisionName;Region oder Bundesland
BG-6;/rsm:CrossIndustryInvoice/rsm:SupplyChainTradeTransaction/ram:ApplicableHeaderTradeAgreement/ram:SellerTradeParty/ram:DefinedTradeContact;Detailinformationen zum Ansprechpartner des Lieferanten
BT-41;/rsm:CrossIndustryInvoice/rsm:SupplyChainTradeTransaction/ram:ApplicableHeaderTradeAgreement/ram:SellerTradeParty/ram:DefinedTradeContact/ram:PersonName;Name des Ansprechpartners
BT-41-0;/rsm:CrossIndustryInvoice/rsm:SupplyChainTradeTransaction/ram:ApplicableHeaderTradeAgreement/ram:SellerTradeParty/ram:DefinedTradeContact/ram:DepartmentName;Name der Abteilung
BT-X-317;/rsm:CrossIndustryInvoice/rsm:SupplyChainTradeTransaction/ram:ApplicableHeaderTradeAgreement/ram:SellerTradeParty/ram:DefinedTradeContact/ram:TypeCode;Art des Kontakts (Code)
BT-42-00;/rsm:CrossIndustryInvoice/rsm:SupplyChainTradeTransaction/ram:ApplicableHeaderTradeAgreement/ram:SellerTradeParty/ram:DefinedTradeContact/ram:TelephoneUniversalCommunication;Telefonnummer der Kontaktstelle
BT-42;/rsm:CrossIndustryInvoice/rsm:SupplyChainTradeTransaction/ram:ApplicableHeaderTradeAgreement/ram:SellerTradeParty/ram:DefinedTradeContact/ram:TelephoneUniversalCommunication/ram:CompleteNumber;Telefonnummer der Kontaktstelle, Wert
BT-X-107-00;/rsm:CrossIndustryInvoice/rsm:SupplyChainTradeTransaction/ram:ApplicableHeaderTradeAgreement/ram:SellerTradeParty/ram:DefinedTradeContact/ram:FaxUniversalCommunication;Faxnummer der Kontaktstelle
BT-X-107;/rsm:CrossIndustryInvoice/rsm:SupplyChainTradeTransaction/ram:ApplicableHeaderTradeAgreement/ram:SellerTradeParty/ram:DefinedTradeContact/ram:FaxUniversalCommunication/ram:CompleteNumber;Faxnummer der Kontaktstelle, Wert
BT-43-00;/rsm:CrossIndustryInvoice/rsm:SupplyChainTradeTransaction/ram:ApplicableHeaderTradeAgreement/ram:SellerTradeParty/ram:DefinedTradeContact/ram:EmailURIUniversalCommunication;E-Mail-Adresse der Kontaktstelle
BT-43;/rsm:CrossIndustryInvoice/rsm:SupplyChainTradeTransaction/ram:ApplicableHeaderTradeAgreement/ram:SellerTradeParty/ram:DefinedTradeContact/ram:EmailURIUniversalCommunication/ram:URIID;E-Mail-Adresse der Kontaktstelle, Wert
BG-5;/rsm:CrossIndustryInvoice/rsm:SupplyChainTradeTransaction/ram:ApplicableHeaderTradeAgreement/ram:SellerTradeParty/ram:PostalTradeAddress;Detailinformationen zur Anschrift des Lieferanten
BT-38;/rsm:CrossIndustryInvoice/rsm:SupplyChainTradeTransaction/ram:ApplicableHeaderTradeAgreement/ram:SellerTradeParty/ram:PostalTradeAddress/ram:PostcodeCode;Postleitzahl
BT-35;/rsm:CrossIndustryInvoice/rsm:SupplyChainTradeTransaction/ram:ApplicableHeaderTradeAgreement/ram:SellerTradeParty/ram:PostalTradeAddress/ram:LineOne;Zeile 1 der Anschrift
BT-36;/rsm:CrossIndustryInvoice/rsm:SupplyChainTradeTransaction/ram:ApplicableHeaderTradeAgreement/ram:SellerTradeParty/ram:PostalTradeAddress/ram:LineTwo;Zeile 2 der Anschrift
BT-162;/rsm:CrossIndustryInvoice/rsm:SupplyChainTradeTransaction/ram:ApplicableHeaderTradeAgreement/ram:SellerTradeParty/ram:PostalTradeAddress/ram:LineThree;Zeile 3 der Anschrift
BT-37;/rsm:CrossIndustryInvoice/rsm:SupplyChainTradeTransaction/ram:ApplicableHeaderTradeAgreement/ram:SellerTradeParty/ram:PostalTradeAddress/ram:CityName;Stadt
BT-40;/rsm:CrossIndustryInvoice/rsm:SupplyChainTradeTransaction/ram:ApplicableHeaderTradeAgreement/ram:SellerTradeParty/ram:PostalTradeAddress/ram:CountryID;Ländercode
BT-39;/rsm:CrossIndustryInvoice/rsm:SupplyChainTradeTransaction/ram:ApplicableHeaderTradeAgreement/ram:SellerTradeParty/ram:PostalTradeAddress/ram:CountrySubDivisionName;Region oder Bundesland
BT-41;/rsm:CrossIndustryInvoice/rsm:SupplyChainTradeTransaction/ram:ApplicableHeaderTradeAgreement/ram:SellerTradeParty/ram:DefinedTradeContact;Detailinformationen zum Ansprechpartner
BG-5;/rsm:CrossIndustryInvoice/rsm:SupplyChainTradeTransaction/ram:ApplicableHeaderTradeAgreement/ram:SellerTradeParty/ram:PostalTradeAddress;Detailinformationen zur Anschrift des Warenempfängers
BT-34-00;/rsm:CrossIndustryInvoice/rsm:SupplyChainTradeTransaction/ram:ApplicableHeaderTradeAgreement/ram:SellerTradeParty/ram:URIUniversalCommunication;Details zur elektronischen Adresse
BT-34;/rsm:CrossIndustryInvoice/rsm:SupplyChainTradeTransaction/ram:ApplicableHeaderTradeAgreement/ram:SellerTradeParty/ram:URIUniversalCommunication/ram:URIID;Elektronische Adresse
BT-34-1;/rsm:CrossIndustryInvoice/rsm:SupplyChainTradeTransaction/ram:ApplicableHeaderTradeAgreement/ram:SellerTradeParty/ram:URIUniversalCommunication/ram:URIID/@schemeID;Kennung des Schemas
BT-31-00;"/rsm:CrossIndustryInvoice/rsm:SupplyChainTradeTransaction/ram:ApplicableHeaderTradeAgreement/ram:SellerTradeParty/ram:SpecifiedTaxRegistration[ram:ID/@schemeID=""VA""]";Umsatzsteueridentnummer
BT-31;"/rsm:CrossIndustryInvoice/rsm:SupplyChainTradeTransaction/ram:ApplicableHeaderTradeAgreement/ram:SellerTradeParty/ram:SpecifiedTaxRegistration[ram:ID/@schemeID=""VA""]/ram:ID";Umsatzsteueridentnummer
BT-31-0;"/rsm:CrossIndustryInvoice/rsm:SupplyChainTradeTransaction/ram:ApplicableHeaderTradeAgreement/ram:SellerTradeParty/ram:SpecifiedTaxRegistration[ram:ID/@schemeID=""VA""]/ram:ID/@schemeID";Art der Steuernummer
BT-32-00;"/rsm:CrossIndustryInvoice/rsm:SupplyChainTradeTransaction/ram:ApplicableHeaderTradeAgreement/ram:SellerTradeParty/ram:SpecifiedTaxRegistration[ram:ID/@schemeID=""FC""]";Umsatzsteueridentnummer
BT-32;"/rsm:CrossIndustryInvoice/rsm:SupplyChainTradeTransaction/ram:ApplicableHeaderTradeAgreement/ram:SellerTradeParty/ram:SpecifiedTaxRegistration[ram:ID/@schemeID=""FC""]/ram:ID";Umsatzsteueridentnummer
BT-32-0;"/rsm:CrossIndustryInvoice/rsm:SupplyChainTradeTransaction/ram:ApplicableHeaderTradeAgreement/ram:SellerTradeParty/ram:SpecifiedTaxRegistration[ram:ID/@schemeID=""FC""]/ram:ID/@schemeID";Art der Steuernummer
BG-7;/rsm:CrossIndustryInvoice/rsm:SupplyChainTradeTransaction/ram:ApplicableHeaderTradeAgreement/ram:BuyerTradeParty;Detailinformationen zum Käufer
BT-46;/rsm:CrossIndustryInvoice/rsm:SupplyChainTradeTransaction/ram:ApplicableHeaderTradeAgreement/ram:BuyerTradeParty/ram:ID;Kennung des Käufers
BT-46-0;/rsm:CrossIndustryInvoice/rsm:SupplyChainTradeTransaction/ram:ApplicableHeaderTradeAgreement/ram:BuyerTradeParty/ram:GloballD;Globale Kennung des Käufers
BT-46-1;/rsm:CrossIndustryInvoice/rsm:SupplyChainTradeTransaction/ram:ApplicableHeaderTradeAgreement/ram:BuyerTradeParty/ram:GlobalID/@schemelD;Kennung des Schemas
BT-44;/rsm:CrossIndustryInvoice/rsm:SupplyChainTradeTransaction/ram:ApplicableHeaderTradeAgreement/ram:BuyerTradeParty/ram:Name;Name/Firmierung des Käufers
BT-X-544;/rsm:CrossIndustryInvoice/rsm:SupplyChainTradeTransaction/ram:ApplicableHeaderTradeAgreement/ram:BuyerTradeParty/ram:RoleCode;Rolle (Code)
BT-334;/rsm:CrossIndustryInvoice/rsm:SupplyChainTradeTransaction/ram:ApplicableHeaderTradeAgreement/ram:BuyerTradeParty/ram:Description;Beschreibung des Käufers
BT-47-00;/rsm:CrossIndustryInvoice/rsm:SupplyChainTradeTransaction/ram:ApplicableHeaderTradeAgreement/ram:BuyerTradeParty/ram:SpecifiedLegalOrganization;Details zur Organisation des abweichenden Käufers
BT-47;/rsm:CrossIndustryInvoice/rsm:SupplyChainTradeTransaction/ram:ApplicableHeaderTradeAgreement/ram:BuyerTradeParty/ram:SpecifiedLegalOrganization/ram:ID;Kennung der rechtlichen Organisation des alternativen Käufers
BT-47-1;/rsm:CrossIndustryInvoice/rsm:SupplyChainTradeTransaction/ram:ApplicableHeaderTradeAgreement/ram:BuyerTradeParty/ram:SpecifiedLegalOrganization/ram:ID/@schemelD;Kennung des Schemas
BT-45;/rsm:CrossIndustryInvoice/rsm:SupplyChainTradeTransaction/ram:ApplicableHeaderTradeAgreement/ram:BuyerTradeParty/ram:SpecifiedLegalOrganization/ram:TradingBusinessName;Handelsname
BG-X-15;/rsm:CrossIndustryInvoice/rsm:SupplyChainTradeTransaction/ram:ApplicableHeaderTradeAgreement/ram:BuyerTradeParty/ram:SpecifiedLegalOrganization/ram:PostalTradeAddress;Detailinformationen zur Anschrift des Käufers
BT-X-108;/rsm:CrossIndustryInvoice/rsm:SupplyChainTradeTransaction/ram:ApplicableHeaderTradeAgreement/ram:BuyerTradeParty/ram:SpecifiedLegalOrganization/ram:PostalTradeAddress/ram:PostcodeCode;Postleitzahl
BT-X-109;/rsm:CrossIndustryInvoice/rsm:SupplyChainTradeTransaction/ram:ApplicableHeaderTradeAgreement/ram:BuyerTradeParty/ram:SpecifiedLegalOrganization/ram:PostalTradeAddress/ram:LineOne;Zeile 1 der Anschrift
BT-X-110;/rsm:CrossIndustryInvoice/rsm:SupplyChainTradeTransaction/ram:ApplicableHeaderTradeAgreement/ram:BuyerTradeParty/ram:SpecifiedLegalOrganization/ram:PostalTradeAddress/ram:LineTwo;Zeile 2 der Anschrift
BT-X-111;/rsm:CrossIndustryInvoice/rsm:SupplyChainTradeTransaction/ram:ApplicableHeaderTradeAgreement/ram:BuyerTradeParty/ram:SpecifiedLegalOrganization/ram:PostalTradeAddress/ram:LineThree;Zeile 3 der Anschrift
BT-X-112;/rsm:CrossIndustryInvoice/rsm:SupplyChainTradeTransaction/ram:ApplicableHeaderTradeAgreement/ram:BuyerTradeParty/ram:SpecifiedLegalOrganization/ram:PostalTradeAddress/ram:CityName;Stadt
BT-X-113;/rsm:CrossIndustryInvoice/rsm:SupplyChainTradeTransaction/ram:ApplicableHeaderTradeAgreement/ram:BuyerTradeParty/ram:SpecifiedLegalOrganization/ram:PostalTradeAddress/ram:CountryID;Ländercode
BT-X-114;/rsm:CrossIndustryInvoice/rsm:SupplyChainTradeTransaction/ram:ApplicableHeaderTradeAgreement/ram:BuyerTradeParty/ram:SpecifiedLegalOrganization/ram:PostalTradeAddress/ram:CountrySubDivisionName;Region oder Bundesland
BG-9;/rsm:CrossIndustryInvoice/rsm:SupplyChainTradeTransaction/ram:ApplicableHeaderTradeAgreement/ram:BuyerTradeParty/ram:DefinedTradeContact;Detailinformationen zum Ansprechpartner des Käufers
BT-56;/rsm:CrossIndustryInvoice/rsm:SupplyChainTradeTransaction/ram:ApplicableHeaderTradeAgreement/ram:BuyerTradeParty/ram:DefinedTradeContact/ram:PersonName;Name des Ansprechpartners
BT-56-0;/rsm:CrossIndustryInvoice/rsm:SupplyChainTradeTransaction/ram:ApplicableHeaderTradeAgreement/ram:BuyerTradeParty/ram:DefinedTradeContact/ram:DepartmentName;Name der Abteilung
BT-X-318;/rsm:CrossIndustryInvoice/rsm:SupplyChainTradeTransaction/ram:ApplicableHeaderTradeAgreement/ram:BuyerTradeParty/ram:DefinedTradeContact/ram:TypeCode;Art des Kontakts (Code)
BT-57-00;/rsm:CrossIndustryInvoice/rsm:SupplyChainTradeTransaction/ram:ApplicableHeaderTradeAgreement/ram:BuyerTradeParty/ram:DefinedTradeContact/ram:TelephoneUniversalCommunication;Telefonnummer der Kontaktstelle
BT-57;/rsm:CrossIndustryInvoice/rsm:SupplyChainTradeTransaction/ram:ApplicableHeaderTradeAgreement/ram:BuyerTradeParty/ram:DefinedTradeContact/ram:TelephoneUniversalCommunication/ram:CompleteNumber;Telefonnummer der Kontaktstelle, Wert
BT-X-115-00;/rsm:CrossIndustryInvoice/rsm:SupplyChainTradeTransaction/ram:ApplicableHeaderTradeAgreement/ram:BuyerTradeParty/ram:DefinedTradeContact/ram:FaxUniversalCommunication;Faxnummer der Kontaktstelle
BT-X-115;/rsm:CrossIndustryInvoice/rsm:SupplyChainTradeTransaction/ram:ApplicableHeaderTradeAgreement/ram:BuyerTradeParty/ram:DefinedTradeContact/ram:FaxUniversalCommunication/ram:CompleteNumber;Faxnummer der Kontaktstelle, Wert
BT-58-00;/rsm:CrossIndustryInvoice/rsm:SupplyChainTradeTransaction/ram:ApplicableHeaderTradeAgreement/ram:BuyerTradeParty/ram:DefinedTradeContact/ram:EmailURIUniversalCommunication;E-Mail-Adresse der Kontaktstelle
BT-58;/rsm:CrossIndustryInvoice/rsm:SupplyChainTradeTransaction/ram:ApplicableHeaderTradeAgreement/ram:BuyerTradeParty/ram:DefinedTradeContact/ram:EmailURIUniversalCommunication/ram:URIID;E-Mail-Adresse der Kontaktstelle, Wert
BG-8;/rsm:CrossIndustryInvoice/rsm:SupplyChainTradeTransaction/ram:ApplicableHeaderTradeAgreement/ram:ShipToTradeParty/ram:DefinedTradeContact;Detailinformationen zum Ansprechpartner des Warenempfängers
BT-X-54;/rsm:CrossIndustryInvoice/rsm:SupplyChainTradeTransaction/ram:ApplicableHeaderTradeAgreement/ram:ShipToTradeParty/ram:DefinedTradeContact/ram:PersonName;Name des Ansprechpartners
BT-X-54-1;/rsm:CrossIndustryInvoice/rsm:SupplyChainTradeTransaction/ram:ApplicableHeaderTradeAgreement/ram:ShipToTradeParty/ram:DefinedTradeContact/ram:DepartmentName;Name der Abteilung
BT-X-315;/rsm:CrossIndustryInvoice/rsm:SupplyChainTradeTransaction/ram:ApplicableHeaderTradeAgreement/ram:ShipToTradeParty/ram:DefinedTradeContact/ram:TypeCode;Art des Kontakts (Code)
BT-X-55-00;/rsm:CrossIndustryInvoice/rsm:SupplyChainTradeTransaction/ram:ApplicableHeaderTradeAgreement/ram:ShipToTradeParty/ram:DefinedTradeContact/ram:TelephoneUniversalCommunication;Telefonnummer der Kontaktstelle
BT-X-55;/rsm:CrossIndustryInvoice/rsm:SupplyChainTradeTransaction/ram:ApplicableHeaderTradeAgreement/ram:ShipToTradeParty/ram:DefinedTradeContact/ram:TelephoneUniversalCommunication/ram:CompleteNumber;Telefonnummer der Kontaktstelle, Wert
BT-X-56-00;/rsm:CrossIndustryInvoice/rsm:SupplyChainTradeTransaction/ram:ApplicableHeaderTradeAgreement/ram:ShipToTradeParty/ram:DefinedTradeContact/ram:FaxUniversalCommunication;Faxnummer der Kontaktstelle
BT-X-56;/rsm:CrossIndustryInvoice/rsm:SupplyChainTradeTransaction/ram:ApplicableHeaderTradeAgreement/ram:ShipToTradeParty/ram:DefinedTradeContact/ram:FaxUniversalCommunication/ram:CompleteNumber;Faxnummer der Kontaktstelle, Wert
BT-X-57-00;/rsm:CrossIndustryInvoice/rsm:SupplyChainTradeTransaction/ram:ApplicableHeaderTradeAgreement/ram:ShipToTradeParty/ram:DefinedTradeContact/ram:EmailURIUniversalCommunication;E-Mail-Adresse der Kontaktstelle
BT-X-57;/rsm:CrossIndustryInvoice/rsm:SupplyChainTradeTransaction/ram:ApplicableHeaderTradeAgreement/ram:ShipToTradeParty/ram:DefinedTradeContact/ram:EmailURIUniversalCommunication/ram:URIID;E-Mail-Adresse der Kontaktstelle, Wert
BG-X-9;/rsm:CrossIndustryInvoice/rsm:SupplyChainTradeTransaction/ram:ApplicableHeaderTradeDelivery/ram:ShipToTradeParty/ram:PostalTradeAddress;Detailinformationen zur Anschrift des Warenempfängers
BT-X-58;/rsm:CrossIndustryInvoice/rsm:SupplyChainTradeTransaction/ram:ApplicableHeaderTradeDelivery/ram:ShipToTradeParty/ram:PostalTradeAddress/ram:PostcodeCode;Postleitzahl
BT-X-59;/rsm:CrossIndustryInvoice/rsm:SupplyChainTradeTransaction/ram:ApplicableHeaderTradeDelivery/ram:ShipToTradeParty/ram:PostalTradeAddress/ram:LineOne;Zeile 1 der Anschrift
BT-X-60;/rsm:CrossIndustryInvoice/rsm:SupplyChainTradeTransaction/ram:ApplicableHeaderTradeDelivery/ram:ShipToTradeParty/ram:PostalTradeAddress/ram:LineTwo;Zeile 2 der Anschrift
BT-X-61;/rsm:CrossIndustryInvoice/rsm:SupplyChainTradeTransaction/ram:ApplicableHeaderTradeDelivery/ram:ShipToTradeParty/ram:PostalTradeAddress/ram:LineThree;Zeile 3 der Anschrift
BT-X-62;/rsm:CrossIndustryInvoice/rsm:SupplyChainTradeTransaction/ram:ApplicableHeaderTradeDelivery/ram:ShipToTradeParty/ram:PostalTradeAddress/ram:CityName;Stadt
BT-X-63;/rsm:CrossIndustryInvoice/rsm:SupplyChainTradeTransaction/ram:ApplicableHeaderTradeDelivery/ram:ShipToTradeParty/ram:PostalTradeAddress/ram:CountryID;Ländercode
BT-X-64;/rsm:CrossIndustryInvoice/rsm:SupplyChainTradeTransaction/ram:ApplicableHeaderTradeDelivery/ram:ShipToTradeParty/ram:PostalTradeAddress/ram:CountrySubDivisionName;Region oder Bundesland
;;
BT-X-65-00;/rsm:CrossIndustryInvoice/rsm:SupplyChainTradeTransaction/ram:SpecifiedLineTradeDelivery/ram:ShipToTradeParty/ram:URIUniversalCommunication;Elektronische Adresse
BT-X-65-0;/rsm:CrossIndustryInvoice/rsm:SupplyChainTradeTransaction/ram:SpecifiedLineTradeDelivery/ram:ShipToTradeParty/ram:URIUniversalCommunication/ram:URIID/@schemeID;Kennung des Schemas
BT-X-66-00;/rsm:CrossIndustryInvoice/rsm:SupplyChainTradeTransaction/ram:SpecifiedLineTradeDelivery/ram:ShipToTradeParty/ram:SpecifiedTaxRegistration;Detailinformationen zu Steuerangaben
BT-X-68;/rsm:CrossIndustryInvoice/rsm:SupplyChainTradeTransaction/ram:SpecifiedLineTradeDelivery/ram:UltimateShipToTradeParty/ram:GloballD;Globale Kennung des Warenempfängers
BT-X-69;/rsm:CrossIndustryInvoice/rsm:SupplyChainTradeTransaction/ram:SpecifiedLineTradeDelivery/ram:UltimateShipToTradeParty/ram:Name;Name/Firmierung des Warenempfängers
BG-X-11;/rsm:CrossIndustryInvoice/rsm:SupplyChainTradeTransaction/ram:SpecifiedLineTradeDelivery/ram:UltimateShipToTradeParty/ram:DefinedTradeContact;Detailinformationen zum Ansprechpartner des Warenempfängers
BG-X-12;/rsm:CrossIndustryInvoice/rsm:SupplyChainTradeTransaction/ram:SpecifiedLineTradeDelivery/ram:UltimateShipToTradeParty/ram:PostalTradeAddress;Detailinformationen zur Anschrift des Warenempfängers
BT-X-79;/rsm:CrossIndustryInvoice/rsm:SupplyChainTradeTransaction/ram:ShipToTradeParty/ram:PostalTradeAddress/ram:LineThree;Zeile 3 der Anschrift
BT-X-80;/rsm:CrossIndustryInvoice/rsm:SupplyChainTradeTransaction/ram:ShipToTradeParty/ram:PostalTradeAddress/ram:CityName;Stadt
BT-X-81;/rsm:CrossIndustryInvoice/rsm:SupplyChainTradeTransaction/ram:ShipToTradeParty/ram:PostalTradeAddress/ram:CountryID;Ländercode
BT-X-82;/rsm:CrossIndustryInvoice/rsm:SupplyChainTradeTransaction/ram:ShipToTradeParty/ram:PostalTradeAddress/ram:CountrySubDivisionName;Region oder Bundesland
BT-X-83-00;/rsm:CrossIndustryInvoice/rsm:SupplyChainTradeTransaction/ram:ShipToTradeParty/ram:URIUniversalCommunication;Details zur elektronischen Adresse
BT-X-83;/rsm:CrossIndustryInvoice/rsm:SupplyChainTradeTransaction/ram:ShipToTradeParty/ram:URIUniversalCommunication/ram:URIID;Elektronische Adresse
BT-X-83-0;/rsm:CrossIndustryInvoice/rsm:SupplyChainTradeTransaction/ram:ShipToTradeParty/ram:URIUniversalCommunication/ram:URIID/@schemeID;Kennung des Schemas
BT-X-84-00;/rsm:CrossIndustryInvoice/rsm:SupplyChainTradeTransaction/ram:ShipToTradeParty/ram:SpecifiedTaxRegistration;Detailinformationen zu Steuerangaben des Warenempfängers
BT-X-84;/rsm:CrossIndustryInvoice/rsm:SupplyChainTradeTransaction/ram:ShipToTradeParty/ram:SpecifiedTaxRegistration/ram:ID;Umsatzsteueridentnummer
BT-X-84-0;/rsm:CrossIndustryInvoice/rsm:SupplyChainTradeTransaction/ram:ShipToTradeParty/ram:SpecifiedTaxRegistration/ram:ID/@schemelD;Art der Steuernummer
BG-X-10;/rsm:CrossIndustryInvoice/rsm:SupplyChainTradeTransaction/ram:UltimateShipToTradeParty;Detailinformationen zum abweichenden Endempfänger
BT-X-67;/rsm:CrossIndustryInvoice/rsm:SupplyChainTradeTransaction/ram:UltimateShipToTradeParty/ram:ID;Identifikation des Endempfängers
BT-X-68;/rsm:CrossIndustryInvoice/rsm:SupplyChainTradeTransaction/ram:UltimateShipToTradeParty/ram:GloballD;Globaler Identifier des Endempfängers
BT-X-68-0;/rsm:CrossIndustryInvoice/rsm:SupplyChainTradeTransaction/ram:UltimateShipToTradeParty/ram:GlobalID/@schemelD;Kennung des Schemas
BT-X-69;/rsm:CrossIndustryInvoice/rsm:SupplyChainTradeTransaction/ram:UltimateShipToTradeParty/ram:Name;Name/Firmierung des Endempfängers
BT-X-542;/rsm:CrossIndustryInvoice/rsm:SupplyChainTradeTransaction/ram:UltimateShipToTradeParty/ram:RoleCode;Rolle (Code)
BT-X-70-00;/rsm:CrossIndustryInvoice/rsm:SupplyChainTradeTransaction/ram:UltimateShipToTradeParty/ram:SpecifiedLegalOrganization;Details zur Organisation des abweichenden Warenempfängers
BT-X-70;/rsm:CrossIndustryInvoice/rsm:SupplyChainTradeTransaction/ram:UltimateShipToTradeParty/ram:SpecifiedLegalOrganization/ram:ID;Kennung der rechtlichen Organisation des alternativen Warenempfängers
BT-X-70-0;/rsm:CrossIndustryInvoice/rsm:SupplyChainTradeTransaction/ram:UltimateShipToTradeParty/ram:SpecifiedLegalOrganization/ram:ID/@schemelD;Kennung des Schemas
BT-X-71;/rsm:CrossIndustryInvoice/rsm:SupplyChainTradeTransaction/ram:UltimateShipToTradeParty/ram:SpecifiedLegalOrganization/ram:TradingBusinessName;Handelsname
BG-X-11;/rsm:CrossIndustryInvoice/rsm:SupplyChainTradeTransaction/ram:UltimateShipToTradeParty/ram:DefinedTradeContact;Detailinformationen zum Ansprechpartner des Warenempfängers
BT-X-72;/rsm:CrossIndustryInvoice/rsm:SupplyChainTradeTransaction/ram:UltimateShipToTradeParty/ram:DefinedTradeContact/ram:PersonName;Name des Ansprechpartners
BT-X-72-1;/rsm:CrossIndustryInvoice/rsm:SupplyChainTradeTransaction/ram:UltimateShipToTradeParty/ram:DefinedTradeContact/ram:DepartmentName;Name der Abteilung
BT-X-316;/rsm:CrossIndustryInvoice/rsm:SupplyChainTradeTransaction/ram:UltimateShipToTradeParty/ram:DefinedTradeContact/ram:TypeCode;Art des Kontakts (Code)
BT-X-73-00;/rsm:CrossIndustryInvoice/rsm:SupplyChainTradeTransaction/ram:UltimateShipToTradeParty/ram:DefinedTradeContact/ram:TelephoneUniversalCommunication;Telefonnummer der Kontaktstelle
BT-X-73;/rsm:CrossIndustryInvoice/rsm:SupplyChainTradeTransaction/ram:UltimateShipToTradeParty/ram:DefinedTradeContact/ram:TelephoneUniversalCommunication/ram:CompleteNumber;Telefonnummer der Kontaktstelle, Wert
BT-X-74-00;/rsm:CrossIndustryInvoice/rsm:SupplyChainTradeTransaction/ram:UltimateShipToTradeParty/ram:DefinedTradeContact/ram:FaxUniversalCommunication;Faxnummer der Kontaktstelle
BT-X-74;/rsm:CrossIndustryInvoice/rsm:SupplyChainTradeTransaction/ram:UltimateShipToTradeParty/ram:DefinedTradeContact/ram:FaxUniversalCommunication/ram:CompleteNumber;Faxnummer der Kontaktstelle, Wert
BT-X-75-00;/rsm:CrossIndustryInvoice/rsm:SupplyChainTradeTransaction/ram:UltimateShipToTradeParty/ram:DefinedTradeContact/ram:EmailURIUniversalCommunication;E-Mail-Adresse der Kontaktstelle
BT-X-75;/rsm:CrossIndustryInvoice/rsm:SupplyChainTradeTransaction/ram:UltimateShipToTradeParty/ram:DefinedTradeContact/ram:EmailURIUniversalCommunication/ram:URIID;E-Mail-Adresse der Kontaktstelle, Wert
BG-X-12;/rsm:CrossIndustryInvoice/rsm:SupplyChainTradeTransaction/ram:UltimateShipToTradeParty/ram:PostalTradeAddress;Detailinformationen zur Anschrift des Warenempfängers
BT-X-76;/rsm:CrossIndustryInvoice/rsm:SupplyChainTradeTransaction/ram:UltimateShipToTradeParty/ram:PostalTradeAddress/ram:PostcodeCode;Postleitzahl
BT-X-77;/rsm:CrossIndustryInvoice/rsm:SupplyChainTradeTransaction/ram:UltimateShipToTradeParty/ram:PostalTradeAddress/ram:LineOne;Zeile 1 der Anschrift
BT-X-78;/rsm:CrossIndustryInvoice/rsm:SupplyChainTradeTransaction/ram:UltimateShipToTradeParty/ram:PostalTradeAddress/ram:LineTwo;Zeile 2 der Anschrift
BT-X-79;/rsm:CrossIndustryInvoice/rsm:SupplyChainTradeTransaction/ram:UltimateShipToTradeParty/ram:PostalTradeAddress/ram:LineThree;Zeile 3 der Anschrift
BT-X-80;/rsm:CrossIndustryInvoice/rsm:SupplyChainTradeTransaction/ram:UltimateShipToTradeParty/ram:PostalTradeAddress/ram:CityName;Stadt
BT-X-81;/rsm:CrossIndustryInvoice/rsm:SupplyChainTradeTransaction/ram:UltimateShipToTradeParty/ram:PostalTradeAddress/ram:CountryID;Ländercode
BT-X-82;/rsm:CrossIndustryInvoice/rsm:SupplyChainTradeTransaction/ram:UltimateShipToTradeParty/ram:PostalTradeAddress/ram:CountrySubDivisionName;Region oder Bundesland
BT-X-83-00;/rsm:CrossIndustryInvoice/rsm:SupplyChainTradeTransaction/ram:UltimateShipToTradeParty/ram:URIUniversalCommunication;Details zur elektronischen Adresse
BT-X-83;/rsm:CrossIndustryInvoice/rsm:SupplyChainTradeTransaction/ram:UltimateShipToTradeParty/ram:URIUniversalCommunication/ram:URIID;Elektronische Adresse
BT-X-83-0;/rsm:CrossIndustryInvoice/rsm:SupplyChainTradeTransaction/ram:UltimateShipToTradeParty/ram:URIUniversalCommunication/ram:URIID/@schemeID;Kennung des Schemas
BT-X-84-00;/rsm:CrossIndustryInvoice/rsm:SupplyChainTradeTransaction/ram:UltimateShipToTradeParty/ram:SpecifiedTaxRegistration;Detailinformationen zu Steuerangaben des Endempfängers
BT-X-84;/rsm:CrossIndustryInvoice/rsm:SupplyChainTradeTransaction/ram:UltimateShipToTradeParty/ram:SpecifiedTaxRegistration/ram:ID;Umsatzsteueridentnummer
BT-X-84-0;/rsm:CrossIndustryInvoice/rsm:SupplyChainTradeTransaction/ram:UltimateShipToTradeParty/ram:SpecifiedTaxRegistration/ram:ID/@schemelD;Art der Steuernummer
BT-X-83-0;/rsm:CrossIndustryInvoice/rsm:SupplyChainTradeTransaction/ram:UltimateShipToTradeParty/ram:URIUniversalCommunication/ram:URIID/@schemelD;Kennung des Schemas
BG-X-11;/rsm:CrossIndustryInvoice/rsm:SupplyChainTradeTransaction/ram:UltimateShipToTradeParty/ram:DefinedTradeContact;Detailinformationen zum Ansprechpartner des Endempfängers
BG-X-12;/rsm:CrossIndustryInvoice/rsm:SupplyChainTradeTransaction/ram:UltimateShipToTradeParty/ram:PostalTradeAddress;Detailinformationen zur Anschrift des Endempfängers
BG-X-1;/rsm:CrossIndustryInvoice/rsm:SupplyChainTradeTransaction/ram:SpecifiedTradeProduct/ram:IncludedReferencedProduct;Ein enthaltenes Produkt, auf das in diesem Handelsprodukt verwiesen wird.
BT-X-308;/rsm:CrossIndustryInvoice/rsm:SupplyChainTradeTransaction/ram:SpecifiedTradeProduct/ram:IncludedReferencedProduct/ram:ID;ID des enthaltenen referenzierten Produkts
BT-X-15;/rsm:CrossIndustryInvoice/rsm:SupplyChainTradeTransaction/ram:SpecifiedTradeProduct/ram:IncludedReferencedProduct/ram:GloballD;Globale ID des enthaltenen referenzierten Produkts
BT-X-15-1;/rsm:CrossIndustryInvoice/rsm:SupplyChainTradeTransaction/ram:SpecifiedTradeProduct/ram:IncludedReferencedProduct/ram:GlobalID/@schemeID;Kennung des Schemas
BT-X-16;/rsm:CrossIndustryInvoice/rsm:SupplyChainTradeTransaction/ram:SpecifiedTradeProduct/ram:IncludedReferencedProduct/ram:SellerAssignedID;Vom Verkäufer vergebene ID des enthaltenen referenzierten Produkts
BT-X-17;/rsm:CrossIndustryInvoice/rsm:SupplyChainTradeTransaction/ram:SpecifiedTradeProduct/ram:IncludedReferencedProduct/ram:BuyerAssignedID;Vom Käufer vergebene ID des enthaltenen referenzierten Produkts
BT-X-309;/rsm:CrossIndustryInvoice/rsm:SupplyChainTradeTransaction/ram:SpecifiedTradeProduct/ram:IncludedReferencedProduct/ram:IndustryAssignedID;Von der Industrie vergebene ID des enthaltenen referenzierten Produkts
BT-X-18;/rsm:CrossIndustryInvoice/rsm:SupplyChainTradeTransaction/ram:SpecifiedTradeProduct/ram:IncludedReferencedProduct/ram:Name;Name des enthaltenen referenzierten Produkts
BT-X-19;/rsm:CrossIndustryInvoice/rsm:SupplyChainTradeTransaction/ram:SpecifiedTradeProduct/ram:IncludedReferencedProduct/ram:Description;Beschreibung des eingeschlossenen referenzierten Produkts
BT-X-20;/rsm:CrossIndustryInvoice/rsm:SupplyChainTradeTransaction/ram:SpecifiedTradeProduct/ram:IncludedReferencedProduct/ram:UnitQuantity;Menge des enthaltenen referenzierten Produkts
BT-X-20-1;/rsm:CrossIndustryInvoice/rsm:SupplyChainTradeTransaction/ram:SpecifiedTradeProduct/ram:IncludedReferencedProduct/ram:UnitQuantity/@unitCode;Maßeinheit
BT-X-299-00;"/rsm:CrossIndustryInvoice/rsm:SupplyChainTradeTransaction/ram:SpecifiedLineTradeAgreement/ram:GrossPriceProductTradePrice/ram:AppliedTradeAllowanceCharge[ram:ChargeIndicator/udt:Indicator=""true""]";Preisbezogene Zuschläge
BT-X-299-01;"/rsm:CrossIndustryInvoice/rsm:SupplyChainTradeTransaction/ram:SpecifiedLineTradeAgreement/ram:GrossPriceProductTradePrice/ram:AppliedTradeAllowanceCharge[ram:ChargeIndicator/udt:Indicator=""true""]/ram:ChargeIndicator";Indikator für Preiszuschlag
BT-129;/rsm:CrossIndustryInvoice/rsm:SupplyChainTradeTransaction/ram:SpecifiedLineTradeDelivery/ram:BilledQuantity;In Rechnung gestellte Menge
BT-130;/rsm:CrossIndustryInvoice/rsm:SupplyChainTradeTransaction/ram:SpecifiedLineTradeDelivery/ram:BilledQuantity/@unitCode;Code der Maßeinheit der in Rechnung gestellten Menge
BT-X-46;/rsm:CrossIndustryInvoice/rsm:SupplyChainTradeTransaction/ram:SpecifiedLineTradeDelivery/ram:ChargeFreeQuantity;Menge, ohne Berechnung
BT-X-46-0;/rsm:CrossIndustryInvoice/rsm:SupplyChainTradeTransaction/ram:SpecifiedLineTradeDelivery/ram:ChargeFreeQuantity/@unitCode;Code der Maßeinheit
BT-X-47;/rsm:CrossIndustryInvoice/rsm:SupplyChainTradeTransaction/ram:SpecifiedLineTradeDelivery/ram:PackageQuantity;Anzahl Packstücke
BT-X-47-0;/rsm:CrossIndustryInvoice/rsm:SupplyChainTradeTransaction/ram:SpecifiedLineTradeDelivery/ram:PackageQuantity/@unitCode;Code der Maßeinheit
BT-X-48;/rsm:CrossIndustryInvoice/rsm:SupplyChainTradeTransaction/ram:SpecifiedLineTradeDelivery/ram:ShipToTradeParty/ram:ID;ID
BT-129;/rsm:CrossIndustryInvoice/rsm:SupplyChainTradeTransaction/ram:IncludedSupplyChainTradeLineItem/ram:SpecifiedLineTradeDelivery;Detailangaben zur Lieferung
BT-129-00;/rsm:CrossIndustryInvoice/rsm:SupplyChainTradeTransaction/ram:IncludedSupplyChainTradeLineItem/ram:SpecifiedLineTradeDelivery/ram:BilledQuantity;In Rechnung gestellte Menge
BT-130;/rsm:CrossIndustryInvoice/rsm:SupplyChainTradeTransaction/ram:IncludedSupplyChainTradeLineItem/ram:SpecifiedLineTradeDelivery/ram:BilledQuantity/@unitCode;Code der Maßeinheit der in Rechnung gestellten Menge
BT-X-46;/rsm:CrossIndustryInvoice/rsm:SupplyChainTradeTransaction/ram:IncludedSupplyChainTradeLineItem/ram:SpecifiedLineTradeDelivery/ram:ChargeFreeQuantity;Menge, ohne Berechnung
BT-X-46-0;/rsm:CrossIndustryInvoice/rsm:SupplyChainTradeTransaction/ram:IncludedSupplyChainTradeLineItem/ram:SpecifiedLineTradeDelivery/ram:ChargeFreeQuantity/@unitCode;Code der Maßeinheit
BT-X-47;/rsm:CrossIndustryInvoice/rsm:SupplyChainTradeLineItem/ram:SpecifiedLineTradeDelivery/ram:PackageQuantity;Anzahl Packstücke
BT-X-47-0;/rsm:CrossIndustryInvoice/rsm:SupplyChainTradeTransaction/ram:IncludedSupplyChainTradeLineItem/ram:SpecifiedLineTradeDelivery/ram:PackageQuantity/@unitCode;Code der Maßeinheit
BG-X-7;/rsm:CrossIndustryInvoice/rsm:SupplyChainTradeTransaction/ram:IncludedSupplyChainTradeLineItem/ram:SpecifiedLineTradeDelivery/ram:ShipToTradeParty;Detailinformationen zum abweichenden Warenempfänger
BT-X-48;/rsm:CrossIndustryInvoice/rsm:SupplyChainTradeTransaction/ram:IncludedSupplyChainTradeLineItem/ram:SpecifiedLineTradeDelivery/ram:ShipToTradeParty/ram:ID;Kennung des Warenempfängers
BT-X-49;/rsm:CrossIndustryInvoice/rsm:SupplyChainTradeTransaction/ram:IncludedSupplyChainTradeLineItem/ram:SpecifiedLineTradeDelivery/ram:ShipToTradeParty/ram:GloballD;Globale Kennung des Warenempfängers
BT-X-49-0;/rsm:CrossIndustryInvoice/rsm:SupplyChainTradeTransaction/ram:IncludedSupplyChainTradeLineItem/ram:SpecifiedLineTradeDelivery/ram:ShipToTradeParty/ram:GloballD/@schemelD;Kennung des Schemas
BT-X-50;/rsm:CrossIndustryInvoice/rsm:SupplyChainTradeTransaction/ram:IncludedSupplyChainTradeLineItem/ram:SpecifiedLineTradeDelivery/ram:ShipToTradeParty/ram:Name;Name/Firmierung des Warenempfängers
BT-X-541;/rsm:CrossIndustryInvoice/rsm:SupplyChainTradeTransaction/ram:IncludedSupplyChainTradeLineItem/ram:SpecifiedLineTradeDelivery/ram:ShipToTradeParty/ram:RoleCode;Rolle (Code)
BT-X-51-00;/rsm:CrossIndustryInvoice/rsm:SupplyChainTradeTransaction/ram:IncludedSupplyChainTradeLineItem/ram:SpecifiedLineTradeDelivery/ram:ShipToTradeParty/ram:SpecifiedLegalOrganization;Details zur Organisation des abweichenden Warenempfängers
BT-X-51;/rsm:CrossIndustryInvoice/rsm:SupplyChainTradeTransaction/ram:IncludedSupplyChainTradeLineItem/ram:SpecifiedLineTradeDelivery/ram:ShipToTradeParty/ram:SpecifiedLegalOrganization/ram:ID;Kennung der rechtlichen Organisation des alternativen Warenempfängers
BT-X-51-0;/rsm:CrossIndustryInvoice/rsm:SupplyChainTradeTransaction/ram:IncludedSupplyChainTradeLineItem/ram:SpecifiedLineTradeDelivery/ram:ShipToTradeParty/ram:SpecifiedLegalOrganization/ram:ID/@schemelD;Kennung des Schemas
BT-X-52;/rsm:CrossIndustryInvoice/rsm:SupplyChainTradeTransaction/ram:IncludedSupplyChainTradeLineItem/ram:SpecifiedLineTradeDelivery/ram:ShipToTradeParty/ram:SpecifiedLegalOrganization/ram:TradingBusinessName;Handelsname
BG-X-8;/rsm:CrossIndustryInvoice/rsm:SupplyChainTradeTransaction/ram:IncludedSupplyChainTradeLineItem/ram:SpecifiedLineTradeDelivery/ram:ShipToTradeParty/ram:DefinedTradeContact;Detailinformationen zum Ansprechpartner des Warenempfängers
BT-X-54;/rsm:CrossIndustryInvoice/rsm:SupplyChainTradeTransaction/ram:IncludedSupplyChainTradeLineItem/ram:SpecifiedLineTradeDelivery/ram:ShipToTradeParty/ram:DefinedTradeContact/ram:PersonName;Name des Ansprechpartners
BT-X-54-1;/rsm:CrossIndustryInvoice/rsm:SupplyChainTradeTransaction/ram:IncludedSupplyChainTradeLineItem/ram:SpecifiedLineTradeDelivery/ram:ShipToTradeParty/ram:DefinedTradeContact/ram:DepartmentName;Name der Abteilung
BT-X-315;/rsm:CrossIndustryInvoice/rsm:SupplyChainTradeTransaction/ram:IncludedSupplyChainTradeLineItem/ram:SpecifiedLineTradeDelivery/ram:ShipToTradeParty/ram:DefinedTradeContact/ram:TypeCode;Art des Kontakts (Code)
BT-X-55-00;/rsm:CrossIndustryInvoice/rsm:SupplyChainTradeTransaction/ram:IncludedSupplyChainTradeLineItem/ram:SpecifiedLineTradeDelivery/ram:ShipToTradeParty/ram:DefinedTradeContact/ram:TelephoneUniversalCommunication;Telefonnummer der Kontaktstelle
BT-X-55;/rsm:CrossIndustryInvoice/rsm:SupplyChainTradeTransaction/ram:IncludedSupplyChainTradeLineItem/ram:SpecifiedLineTradeDelivery/ram:ShipToTradeParty/ram:DefinedTradeContact/ram:TelephoneUniversalCommunication/ram:CompleteNumber;Telefonnummer der Kontaktstelle, Wert
BT-X-56-00;/rsm:CrossIndustryInvoice/rsm:SupplyChainTradeTransaction/ram:IncludedSupplyChainTradeLineItem/ram:SpecifiedLineTradeDelivery/ram:ShipToTradeParty/ram:DefinedTradeContact/ram:FaxUniversalCommunication;Faxnummer der Kontaktstelle
BT-X-56;/rsm:CrossIndustryInvoice/rsm:SupplyChainTradeTransaction/ram:IncludedSupplyChainTradeLineItem/ram:SpecifiedLineTradeDelivery/ram:ShipToTradeParty/ram:DefinedTradeContact/ram:FaxUniversalCommunication/ram:CompleteNumber;Faxnummer der Kontaktstelle, Wert
BT-X-57-00;/rsm:CrossIndustryInvoice/rsm:SupplyChainTradeTransaction/ram:IncludedSupplyChainTradeLineItem/ram:SpecifiedLineTradeDelivery/ram:ShipToTradeParty/ram:DefinedTradeContact/ram:EmailURIUniversalCommunication;E-Mail-Adresse der Kontaktstelle
BT-X-57;/rsm:CrossIndustryInvoice/rsm:SupplyChainTradeTransaction/ram:IncludedSupplyChainTradeLineItem/ram:SpecifiedLineTradeDelivery/ram:ShipToTradeParty/ram:DefinedTradeContact/ram:EmailURIUniversalCommunication/ram:URIID;E-Mail-Adresse der Kontaktstelle, Wert
BG-X-9;/rsm:CrossIndustryInvoice/rsm:SupplyChainTradeTransaction/ram:IncludedSupplyChainTradeLineItem/ram:SpecifiedLineTradeDelivery/ram:ShipToTradeParty/ram:PostalTradeAddress;Detailinformationen zur Anschrift des Warenempfängers
BT-X-58;/rsm:CrossIndustryInvoice/rsm:SupplyChainTradeTransaction/ram:IncludedSupplyChainTradeLineItem/ram:SpecifiedLineTradeDelivery/ram:ShipToTradeParty/ram:PostalTradeAddress/ram:PostcodeCode;Postleitzahl
BT-X-59;/rsm:CrossIndustryInvoice/rsm:SupplyChainTradeTransaction/ram:IncludedSupplyChainTradeLineItem/ram:SpecifiedLineTradeDelivery/ram:ShipToTradeParty/ram:PostalTradeAddress/ram:LineOne;Zeile 1 der Anschrift
BT-X-60;/rsm:CrossIndustryInvoice/rsm:SupplyChainTradeTransaction/ram:IncludedSupplyChainTradeLineItem/ram:SpecifiedLineTradeDelivery/ram:ShipToTradeParty/ram:PostalTradeAddress/ram:LineTwo;Zeile 2 der Anschrift
BT-X-61;/rsm:CrossIndustryInvoice/rsm:SupplyChainTradeTransaction/ram:IncludedSupplyChainTradeLineItem/ram:SpecifiedLineTradeDelivery/ram:ShipToTradeParty/ram:PostalTradeAddress/ram:LineThree;Zeile 3 der Anschrift
BT-X-62;/rsm:CrossIndustryInvoice/rsm:SupplyChainTradeTransaction/ram:IncludedSupplyChainTradeLineItem/ram:SpecifiedLineTradeDelivery/ram:ShipToTradeParty/ram:PostalTradeAddress/ram:CityName;Stadt
BT-X-63;/rsm:CrossIndustryInvoice/rsm:SupplyChainTradeTransaction/ram:IncludedSupplyChainTradeLineItem/ram:SpecifiedLineTradeDelivery/ram:ShipToTradeParty/ram:PostalTradeAddress/ram:CountryID;Ländercode
BT-X-64;/rsm:CrossIndustryInvoice/rsm:SupplyChainTradeTransaction/ram:IncludedSupplyChainTradeLineItem/ram:SpecifiedLineTradeDelivery/ram:ShipToTradeParty/ram:PostalTradeAddress/ram:CountrySubDivisionName;Region oder Bundesland
